"Distrito";"Candidato";"Partido";"Votos";"Porcentaje";"Candidatos";"Electo";""
"1";"50. RODRIGO ANTONIO CUEVAS TRONCOSO";"IND-PRO";"0";"0,00%";NA;""
"1";"51. CAROLINA ADRIANA HERRERA CALQUIN";"IND-PRO";"0";"0,00%";NA;""
"1";"52. CAMILO ADOLFO NELZON MEDINA CUSI";"IND-PRO";"0";"0,00%";NA;""
"1";"53. ROSSANA VIRGINIA ALVARADO PINTO";"IND-PRO";"0";"0,00%";NA;""
"1";"54. VLADO MIROSEVIC VERDUGO";"LIBER.";"0";"0,00%";NA;""
"1";"55. CAMILA  NAVARRO AGUAYO";"LIBER.";"0";"0,00%";NA;""
"1";"56. IVAN  FIGUEROA LLONA";"PH";"0";"0,00%";NA;""
"1";"57. HECTOR  MERIDA CESPEDES";"IND-IGUAL.";"0";"0,00%";NA;""
"1";"58. LUIS ROCAFULL LOPEZ";"PSCH";"0";"0,00%";NA;""
"1";"59. IVAN PAREDES FIERRO";"IND-PSCH";"0";"0,00%";NA;""
"1";"60. ANGELO ALEJANDRO CARRASCO ARIAS";"PPD";"0";"0,00%";NA;""
"1";"61. CAROLINA ELIANA VIDELA OSORIO";"PCCH";"0";"0,00%";NA;""
"1";"62. ANDREA MACARENA MURILLO NEUMANN";"PDC";"0";"0,00%";NA;""
"1";"63. RICHARD VILDOSO ROJAS";"PDC";"0";"0,00%";NA;""
"1";"64. HECTOR HERMOGENES RIVEROS VIDAL";"PDC";"0";"0,00%";NA;""
"1";"65. PATRICIO LOPEZ BERRIOS";"RN";"0";"0,00%";NA;""
"1";"66. NINO BALTOLU RASERA";"UDI";"0";"0,00%";NA;""
"1";"67. LORENA JIMENEZ WATT";"PRI";"0";"0,00%";NA;""
"1";"68. MARCELO ZARA PIZARRO";"EVOP.";"0";"0,00%";NA;""
"2";"50. CARLOS EDUARDO SANTELICES LAGOS";"IND-PAIS";"0";"0,00%";NA;""
"2";"51. MYLA ETELVINA CHAVEZ FAJARDO";"IND-PAIS";"0";"0,00%";NA;""
"2";"52. SEBASTIAN  VERGARA ALFARO";"PH";"0";"0,00%";NA;""
"2";"53. MIGUEL ALFREDO ROCHA SARMIENTO";"PODER";"0";"0,00%";NA;""
"2";"54. RODRIGO OLIVA VICENTELO";"IGUAL.";"0";"0,00%";NA;""
"2";"55. ROXANA  VIGUERAS CHERRES";"LIBER.";"0";"0,00%";NA;""
"2";"56. RAFAEL  MONTES  GONZALEZ";"AMPLI.";"0";"0,00%";NA;""
"2";"57. HECTOR  TICUNA VILCA";"AMPLI.";"0";"0,00%";NA;""
"2";"58. CAROLINA  VASQUEZ ESPINOZA";"IND-AMPLI.";"0";"0,00%";NA;""
"2";"59. MANUEL  SANCHEZ LOYOLA";"IND-TODOS";"0";"0,00%";NA;""
"2";"60. HUGO  GUTIERREZ GALVEZ";"PCCH";"0";"0,00%";NA;""
"2";"61. PATRICIO  MARTINEZ FUENTES";"PRSD";"0";"0,00%";NA;""
"2";"62. DANISA ASTUDILLO PEIRETTI";"PSCH";"0";"0,00%";NA;""
"2";"63. JUAN MARROQUIN GUZMAN";"PPD";"0";"0,00%";NA;""
"2";"64. MARIELA BASUALTO AVALOS";"PDC";"0";"0,00%";NA;""
"2";"65. ANA MARIA LUKSIC ROMERO";"PDC";"0";"0,00%";NA;""
"2";"66. PABLO ORNALDO VALENZUELA HUANCA";"PDC";"0";"0,00%";NA;""
"2";"67. RENZO TRISOTTI MARTINEZ";"UDI";"0";"0,00%";NA;""
"2";"68. GABRIELA MONSALVEZ ROJAS";"PRI";"0";"0,00%";NA;""
"2";"69. NATAN OLIVOS NUŃEZ";"EVOP.";"0";"0,00%";NA;""
"2";"70. RAMON GALLEGUILLOS CASTILLO";"RN";"0";"0,00%";NA;""
"2";"71. FREDDY MARCOS ARANEDA BARAHONA";"IND";"0";"0,00%";NA;""
"3";"50. JANETT SHIRLEY GUERRA ABURTO";"IND-PRO";"0";"0,00%";NA;""
"3";"51. CLAUDIO ANDRES SANCHEZ BUSTOS";"PRO";"0";"0,00%";NA;""
"3";"52. GALIA AGUILERA  CABALLERO";"PTR";"0";"0,00%";NA;""
"3";"53. DANIEL  VARGAS DOWNING";"PTR";"0";"0,00%";NA;""
"3";"54. NANCY  LANZARINI WALKER";"PTR";"0";"0,00%";NA;""
"3";"55. NESTOR  VERA ROJAS";"PTR";"0";"0,00%";NA;""
"3";"56. FERNANDO  SAN ROMAN BASCUŃAN";"PH";"0";"0,00%";NA;""
"3";"57. SANDRA  CARMONA PIZARRO";"IGUAL.";"0";"0,00%";NA;""
"3";"58. CATALINA  PEREZ SALINAS";"RD";"0";"0,00%";NA;""
"3";"59. PABLO ALEJANDRO HERRERA MONARDES";"RD";"0";"0,00%";NA;""
"3";"60. FREDDY CRISTIAN ANTILEF LEIVA";"PODER";"0";"0,00%";NA;""
"3";"61. EDGAR  MUŃOZ RETAMALES";"LIBER.";"0";"0,00%";NA;""
"3";"62. CONSTANTINO  ZAFIROPULOS BOSSY";"AMPLI.";"0";"0,00%";NA;""
"3";"63. HARRY  ROBLEDO CORTES";"AMPLI.";"0";"0,00%";NA;""
"3";"64. PAOLA ANDREA HIGUERAS LABRA";"AMPLI.";"0";"0,00%";NA;""
"3";"65. SACHA IVAN RAZMILIC BURGOS";"CIUD.";"0";"0,00%";NA;""
"3";"66. RODRIGO JAVIER BORNE CARNARTON";"CIUD.";"0";"0,00%";NA;""
"3";"67. SERGIO JAVIER PIZARRO GOMEZ";"IND-CIUD.";"0";"0,00%";NA;""
"3";"68. ANTONINO PARISI FERNANDEZ";"DRP";"0";"0,00%";NA;""
"3";"69. ESTEBAN  ZLATAR FRANULIC";"DRP";"0";"0,00%";NA;""
"3";"70. DANIEL ERNESTO ADARO SILVA";"FRVS";"0";"0,00%";NA;""
"3";"71. CAROLINA ELIZABETH MOBAREC VALENCIA";"FRVS";"0";"0,00%";NA;""
"3";"72. ESTEBAN JORGE VELASQUEZ NUŃEZ";"FRVS";"0";"0,00%";NA;""
"3";"73. DIELA MARIA ALVAREZ ORTEGA";"FRVS";"0";"0,00%";NA;""
"3";"74. MARCELA XIMENA HERNANDO PEREZ";"PRSD";"0";"0,00%";NA;""
"3";"75. MARCOS ANDRES ESPINOSA MONARDES";"PRSD";"0";"0,00%";NA;""
"3";"76. SOL ROMERO DEL VILLAR";"PRSD";"0";"0,00%";NA;""
"3";"77. LUIS CAPRIOGLIO RABELLO";"PSCH";"0";"0,00%";NA;""
"3";"78. ALEJANDRA POZO CORTEZ";"IND-PCCH";"0";"0,00%";NA;""
"3";"79. JAIME ARAYA GUERRERO";"IND-PPD";"0";"0,00%";NA;""
"3";"80. VALENTIN HUMBERTO VOLTA VALENCIA";"PDC";"0";"0,00%";NA;""
"3";"81. SONYA IVONNE LANGENBACH RUIZ";"PDC";"0";"0,00%";NA;""
"3";"82. MIRIAM CAROLINA GONZALEZ BERNAL";"IND-ICCH";"0";"0,00%";NA;""
"3";"83. CARLOS ENRIQUE LOPEZ VEGA";"PRI";"0";"0,00%";NA;""
"3";"84. IGNACIO LEON CUEVAS";"IND-EVOP.";"0";"0,00%";NA;""
"3";"85. PAULINA NUŃEZ URRUTIA";"RN";"0";"0,00%";NA;""
"3";"86. JOSE MIGUEL CASTRO BASCUŃAN";"RN";"0";"0,00%";NA;""
"3";"87. PABLO TOLOZA FERNANDEZ";"UDI";"0";"0,00%";NA;""
"3";"88. CLAUDIA MENESES OLIVA";"IND-UDI";"0";"0,00%";NA;""
"4";"50. JOSE CAMPOS VELIZ";"IND-PRO";"0";"0,00%";NA;""
"4";"51. ULISES CARABANTES AHUMADA";"IND-PRO";"0";"0,00%";NA;""
"4";"52. FABIOLA ESCARLEN EWERT DAZA";"IND-PRO";"0";"0,00%";NA;""
"4";"53. HECTOR ALEJANDRO ZAMORA GARCIA";"IND-PRO";"0";"0,00%";NA;""
"4";"54. INTI ELEODORO SALAMANCA FERNANDEZ";"PODER";"0";"0,00%";NA;""
"4";"55. JUAN MANUEL ANTONIO DIAZ MICHEA";"PODER";"0";"0,00%";NA;""
"4";"56. LUIS ALBERTO ACUŃA CASTILLO";"IND-PODER";"0";"0,00%";NA;""
"4";"57. PATRICIA ERIKA ALVAREZ OLAVE";"IND-PODER";"0";"0,00%";NA;""
"4";"58. MARIO  VARAS PIZARRO";"RD";"0";"0,00%";NA;""
"4";"59. SANDRA  PEŃA MARAMBIO";"IND-RD";"0";"0,00%";NA;""
"4";"60. JAIME MULET MARTINEZ";"FRVS";"0";"0,00%";NA;""
"4";"61. YHANSS DELGADO QUEVEDO";"FRVS";"0";"0,00%";NA;""
"4";"62. CLARA MENESES COLOMA";"FRVS";"0";"0,00%";NA;""
"4";"63. SANDRA GUERRA TURCATI";"FRVS";"0";"0,00%";NA;""
"4";"64. JOHN MARTINEZ GALLARDO";"FRVS";"0";"0,00%";NA;""
"4";"65. PEDRO  CID CID";"IND-FRVS";"0";"0,00%";NA;""
"4";"66. MARIO  RIVAS SILVA";"PCCH";"0";"0,00%";NA;""
"4";"67. DANIELLA  CICARDINI MILLA";"PSCH";"0";"0,00%";NA;""
"4";"68. JUAN RUBEN SANTANA CASTILLO";"PSCH";"0";"0,00%";NA;""
"4";"69. JUAN CARLOS MELENDEZ MACKENZIE";"PRSD";"0";"0,00%";NA;""
"4";"70. JORGE  HIDALGO HIDALGO";"PPD";"0";"0,00%";NA;""
"4";"71. PILAR SOTO RIVAS";"PDC";"0";"0,00%";NA;""
"4";"72. VITALIA MARICEL MUŃOZ CASTILLO";"ICCH";"0";"0,00%";NA;""
"4";"73. RAUL PALACIOS AUSPONT";"MAS";"0";"0,00%";NA;""
"4";"74. JOSE IGNACIO DIAZ MALDONADO";"MAS";"0";"0,00%";NA;""
"4";"75. FABIOLA CRISTINA ASMAD REYES";"MAS";"0";"0,00%";NA;""
"4";"76. SEBASTIAN MANUEL CAMPOS CAMPILLAY";"MAS";"0";"0,00%";NA;""
"4";"77. SOFIA CID VERSALOVIC";"RN";"0";"0,00%";NA;""
"4";"78. RENE AEDO ORMEŃO";"RN";"0";"0,00%";NA;""
"4";"79. NELLY GALEB BOU";"RN";"0";"0,00%";NA;""
"4";"80. NICOLAS NOMAN GARRIDO";"UDI";"0";"0,00%";NA;""
"4";"81. CARLOS VILCHES GUZMAN";"UDI";"0";"0,00%";NA;""
"4";"82. JUAN ANTONIO PEREZ MARIN";"UDI";"0";"0,00%";NA;""
"5";"50. JULIO MOISES ZAPATA RODRIGUEZ";"PRO";"0";"0,00%";NA;""
"5";"51. NELSON RODRIGO GALVEZ PEREZ";"IND-RD";"0";"0,00%";NA;""
"5";"52. PATRICIA AGUIRRE GONZALEZ";"RD";"0";"0,00%";NA;""
"5";"53. MAGALLANES ESPINOSA BERTRAN";"RD";"0";"0,00%";NA;""
"5";"54. MARISOL CESPEDES AGUIRRE";"RD";"0";"0,00%";NA;""
"5";"55. DANIELLA  CORTES BAUER";"IGUAL.";"0";"0,00%";NA;""
"5";"56. JAIME ENRIQUE FERNANDEZ MADRID";"IGUAL.";"0";"0,00%";NA;""
"5";"57. AGUSTIN  GONZALEZ MORENO";"PH";"0";"0,00%";NA;""
"5";"58. TIRSO ANTONIO GONZALEZ ALQUINTA";"PEV";"0";"0,00%";NA;""
"5";"59. YERKO AVALOS VILLARROEL";"AMPLI.";"0";"0,00%";NA;""
"5";"60. ALEJANDRO TELLO ARATA";"AMPLI.";"0";"0,00%";NA;""
"5";"61. NIDIA MILLA IRARRAZABAL";"AMPLI.";"0";"0,00%";NA;""
"5";"62. CAROLINA TORRES GONZALEZ";"IND-AMPLI.";"0";"0,00%";NA;""
"5";"63. PEDRO ARAYA AVILA";"AMPLI.";"0";"0,00%";NA;""
"5";"64. GABRIEL CABALLERO BERRIOS";"IND-AMPLI.";"0";"0,00%";NA;""
"5";"65. PEDRO ANTONIO CASTILLO CASTILLO";"AMPLI.";"0";"0,00%";NA;""
"5";"66. PEDRO ANTONIO VELASQUEZ SEGUEL";"IND-FRVS";"0";"0,00%";NA;""
"5";"67. ANGELA ERCILIA ROJAS BARRIOS";"IND-FRVS";"0";"0,00%";NA;""
"5";"68. JORGE ADRIAN MONSALVE VARGAS";"IND-FRVS";"0";"0,00%";NA;""
"5";"69. ERNESTO VELASCO RODRIGUEZ";"PRSD";"0";"0,00%";NA;""
"5";"70. CESAR ANTONIO VALENCIA CORTES";"IND-PRSD";"0";"0,00%";NA;""
"5";"71. DANIEL  NUŃEZ ARANCIBIA";"PCCH";"0";"0,00%";NA;""
"5";"72. ELISA CORTES ARAYA";"PCCH";"0";"0,00%";NA;""
"5";"73. RAUL  SALDIVAR AUGER";"PSCH";"0";"0,00%";NA;""
"5";"74. LUIS  LEMUS ARACENA";"PSCH";"0";"0,00%";NA;""
"5";"75. MIGUEL ANGEL ALVARADO RAMIREZ";"PPD";"0";"0,00%";NA;""
"5";"76. ALEJANDRA MARGARITA DIAZ MALUENDA";"PPD";"0";"0,00%";NA;""
"5";"77. MATIAS  WALKER PRIETO";"PDC";"0";"0,00%";NA;""
"5";"78. PEDRO  PRADO MORENO";"PDC";"0";"0,00%";NA;""
"5";"79. CECILIA  TIRADO SOTO";"PDC";"0";"0,00%";NA;""
"5";"80. CRISTIAN  GALLEGUILLOS VEGA";"PDC";"0";"0,00%";NA;""
"5";"81. ADRIANA  VERGARA MANQUE";"PDC";"0";"0,00%";NA;""
"5";"82. DENIS  CORTES AGUILERA";"PDC";"0";"0,00%";NA;""
"5";"83. CAROLINA INES HENRIQUEZ GUTIERREZ";"PDC";"0";"0,00%";NA;""
"5";"84. SERGIO GAHONA SALAZAR";"UDI";"0";"0,00%";NA;""
"5";"85. IVON GUERRA AGUILERA";"UDI";"0";"0,00%";NA;""
"5";"86. JUAN MANUEL FUENZALIDA COBO";"UDI";"0";"0,00%";NA;""
"5";"87. ERNESTINA SARMIENTO RIVERA";"IND-UDI";"0";"0,00%";NA;""
"5";"88. CARLOS CRUZ-COKE CARVALLO";"RN";"0";"0,00%";NA;""
"5";"89. ROBERTO VEGA CAMPUSANO";"RN";"0";"0,00%";NA;""
"5";"90. FRANCISCO EGUIGUREN CORREA";"RN";"0";"0,00%";NA;""
"5";"91. FRANCESCA FIGARI SCHENCK";"IND-RN";"0";"0,00%";NA;""
"5";"92. ANDREA GUZMAN HERRERA";"IND";"0";"0,00%";NA;""
"6";"50. GABRIEL ARANGUIZ BALLESTEROS";"PRO";"0";"0,00%";NA;""
"6";"51. JULIO OMAR LOBOS LOBOS";"IND-PRO";"0";"0,00%";NA;""
"6";"52. NIBALDO GABRIEL PINTO SILVA";"IND-PRO";"0";"0,00%";NA;""
"6";"53. OSCAR ANDRES ARANCIBIA ARANCIBIA";"IND-PRO";"0";"0,00%";NA;""
"6";"54. MARGGORIE ZUMARAN OYANEDEL";"PRO";"0";"0,00%";NA;""
"6";"55. MARIANELLA BENAVIDES CARDENAS";"PH";"0";"0,00%";NA;""
"6";"56. DIEGO IBAŃEZ COTRONEO";"PH";"0";"0,00%";NA;""
"6";"57. JOEL ANDRES GONZALEZ VEGA";"IND-PH";"0";"0,00%";NA;""
"6";"58. JAVIERA TOLEDO MUŃOZ";"PODER";"0";"0,00%";NA;""
"6";"59. ALEJANDRO GERMAN VERGARA ARIAS";"PODER";"0";"0,00%";NA;""
"6";"60. LIZET DE LOS ANGELES BRIONES PEREZ";"IND-PODER";"0";"0,00%";NA;""
"6";"61. LUIS SOTO PEREZ";"IGUAL.";"0";"0,00%";NA;""
"6";"62. CLAUDIA ARCOS DUARTE";"IGUAL.";"0";"0,00%";NA;""
"6";"63. FIDEL RODRIGO CUETO ROSALES";"RD";"0";"0,00%";NA;""
"6";"64. ELIZABETH  ARMSTRONG GONZALEZ";"AMPLI.";"0";"0,00%";NA;""
"6";"65. RODRIGO  SILVA ALFARO";"AMPLI.";"0";"0,00%";NA;""
"6";"66. DONNA  HERRERA BARRERA";"AMPLI.";"0";"0,00%";NA;""
"6";"67. ASHLY  VENEGAS CLOBARES";"AMPLI.";"0";"0,00%";NA;""
"6";"68. JEANNE KATHERINE CROOCKER VILLA";"AMPLI.";"0";"0,00%";NA;""
"6";"69. IGOR  CONTRERAS JERIA";"AMPLI.";"0";"0,00%";NA;""
"6";"70. MANUEL ANTONIO CARDENAS CANCINO";"AMPLI.";"0";"0,00%";NA;""
"6";"71. FRANCISCA  CHAHUAN GAJARDO";"IND-AMPLI.";"0";"0,00%";NA;""
"6";"72. MAURICIO  RIFFO MENDEZ";"UPA";"0";"0,00%";NA;""
"6";"73. CARLOS LEMUS CID";"UPA";"0";"0,00%";NA;""
"6";"74. PABLO RECABAL MATURANA";"UPA";"0";"0,00%";NA;""
"6";"75. EDITH ESTAY OLGUIN";"UPA";"0";"0,00%";NA;""
"6";"76. SONIA CUBILLOS ESPINOZA";"UPA";"0";"0,00%";NA;""
"6";"77. CHRISTIAN URIZAR MUŃOZ";"PSCH";"0";"0,00%";NA;""
"6";"78. MARCELO SCHILLING RODRIGUEZ";"PSCH";"0";"0,00%";NA;""
"6";"79. CYNTHIA LORENA  BURGOS SANCHEZ";"PSCH";"0";"0,00%";NA;""
"6";"80. MARIO FRANCISCO PEREZ NAVARRO";"PRSD";"0";"0,00%";NA;""
"6";"81. PEDRO  AVILA SILVA";"PRSD";"0";"0,00%";NA;""
"6";"82. CAROLINA MARZAN PINTO";"PPD";"0";"0,00%";NA;""
"6";"83. XIMENA MARIA RIVILLO OROSTICA";"PPD";"0";"0,00%";NA;""
"6";"84. CAMILO SANCHEZ PIZARRO";"PCCH";"0";"0,00%";NA;""
"6";"85. MANUEL RIESCO LARRAIN";"PCCH";"0";"0,00%";NA;""
"6";"86. DANIEL ANGEL VERDESSI BELEMMI";"PDC";"0";"0,00%";NA;""
"6";"87. WALESKA JACQUELINE CASTILLO LOPEZ";"PDC";"0";"0,00%";NA;""
"6";"88. ULISES  TOBAR CASSI";"PDC";"0";"0,00%";NA;""
"6";"89. MARIO LUIS FUENTES ROMERO";"PDC";"0";"0,00%";NA;""
"6";"90. PATRICIO ANTONIO BARROS VIGUERA";"PDC";"0";"0,00%";NA;""
"6";"91. JAVIER MALDONADO CORREA";"EVOP.";"0";"0,00%";NA;""
"6";"92. PABLO KAST SOMMERHOFF";"IND-EVOP.";"0";"0,00%";NA;""
"6";"93. MARCELA GUTIERREZ GARCES";"IND-EVOP.";"0";"0,00%";NA;""
"6";"94. CAMILA FLORES OPORTO";"RN";"0";"0,00%";NA;""
"6";"95. ANDRES LONGTON HERRERA";"RN";"0";"0,00%";NA;""
"6";"96. LUIS PARDO SAINZ";"RN";"0";"0,00%";NA;""
"6";"97. GIOVANNI CALDERON BASSI";"UDI";"0";"0,00%";NA;""
"6";"98. ERIKA MUŃOZ BRAVO";"UDI";"0";"0,00%";NA;""
"6";"99. GUSTAVO ALESSANDRI BALMACEDA";"IND-UDI";"0";"0,00%";NA;""
"7";"50. IVAN ROBERTO ROJAS OVANDO";"IND-PRO";"0";"0,00%";NA;""
"7";"51. MYRNA SEPULVEDA ZAMUDIO";"IND-PRO";"0";"0,00%";NA;""
"7";"52. VICTOR MANUEL VILLALOBOS SOTO";"PRO";"0";"0,00%";NA;""
"7";"53. NICOLA HADWA SHAHWAN";"IND-PRO";"0";"0,00%";NA;""
"7";"54. NICOLL ADRIANA ROJAS LABRA";"IND-PRO";"0";"0,00%";NA;""
"7";"55. MARCOS ANTONIO MONTECINOS YAŃEZ";"PRO";"0";"0,00%";NA;""
"7";"56. JORGE  RAULD GONZALEZ";"IGUAL.";"0";"0,00%";NA;""
"7";"57. MILKO  CARACCIOLO SOTO";"IGUAL.";"0";"0,00%";NA;""
"7";"58. CAMILA  ROJAS VALDERRAMA";"IND-IGUAL.";"0";"0,00%";NA;""
"7";"59. JORGE  BRITO HASBUN";"RD";"0";"0,00%";NA;""
"7";"60. MABEL LUCILA ZUŃIGA VALENCIA";"IND-RD";"0";"0,00%";NA;""
"7";"61. JOHN  PARADA MONTERO";"PH";"0";"0,00%";NA;""
"7";"62. JUAN PABLO PAONESSA BARRIA";"PH";"0";"0,00%";NA;""
"7";"63. JORGE RUBEN CANALES GATICA";"PODER";"0";"0,00%";NA;""
"7";"64. DANN ALEJANDRO ESPINOZA POZO";"IND-PODER";"0";"0,00%";NA;""
"7";"65. ALVARO  SANHUEZA MARIPANGUE";"AMPLI.";"0";"0,00%";NA;""
"7";"66. LEONARDO  CONTRERAS NEIRA";"AMPLI.";"0";"0,00%";NA;""
"7";"67. CARLOS HORACIO VIO VICUŃA";"AMPLI.";"0";"0,00%";NA;""
"7";"68. JAIME ROBERTO ESPINOZA TOBAR";"AMPLI.";"0";"0,00%";NA;""
"7";"69. PASTORA ANTONIETA VALDERRAMA VASQUEZ";"AMPLI.";"0";"0,00%";NA;""
"7";"70. LUCAS BLASET PEREZ";"AMPLI.";"0";"0,00%";NA;""
"7";"71. RODRIGO CUEVAS BENITEZ";"AMPLI.";"0";"0,00%";NA;""
"7";"72. CRESCENCIO  LOPEZ PEREZ";"AMPLI.";"0";"0,00%";NA;""
"7";"73. KAREN  PICHUNANTE CANSECO";"AMPLI.";"0";"0,00%";NA;""
"7";"74. JORGE ESTAY OLGUIN";"UPA";"0";"0,00%";NA;""
"7";"75. JORGE RENAULT MANRIQUEZ";"UPA";"0";"0,00%";NA;""
"7";"76. LUIS  QUIJADA LLANCAS";"UPA";"0";"0,00%";NA;""
"7";"77. CLARISA  RIOS INOSTROZA";"UPA";"0";"0,00%";NA;""
"7";"78. JEAN PIERRE GUTIERREZ ECHEVERRIA";"UPA";"0";"0,00%";NA;""
"7";"79. MARCIA TAPIA NAVIA";"UPA";"0";"0,00%";NA;""
"7";"80. ANA ARAYA ROMERO";"UPA";"0";"0,00%";NA;""
"7";"81. BARBARA  GONZALEZ CID";"UPA";"0";"0,00%";NA;""
"7";"82. JUAN ENRIQUE SOTO ROJAS";"UPA";"0";"0,00%";NA;""
"7";"83. RODRIGO GONZALEZ TORRES";"PPD";"0";"0,00%";NA;""
"7";"84. KATHERINE  ARAYA MATUS";"PPD";"0";"0,00%";NA;""
"7";"85. MARIO  SOTO BENAVIDES";"IND-PPD";"0";"0,00%";NA;""
"7";"86. JORGE  COULON LARRAŃAGA";"PCCH";"0";"0,00%";NA;""
"7";"87. EDSON  CHAVEZ SEVERINO";"PCCH";"0";"0,00%";NA;""
"7";"88. RICARDO BRAVO OLIVA";"PSCH";"0";"0,00%";NA;""
"7";"89. MARCELO  DIAZ DIAZ";"PSCH";"0";"0,00%";NA;""
"7";"90. GIGLIOLA ELINA CENTONZIO ROSSEL";"PRSD";"0";"0,00%";NA;""
"7";"91. IRMA DEL CARMEN TRONCOSO SAAVEDRA";"PRSD";"0";"0,00%";NA;""
"7";"92. VICTOR MARCELO TORRES JELDES";"PDC";"0";"0,00%";NA;""
"7";"93. MARIELLA VALDES AVILA";"PDC";"0";"0,00%";NA;""
"7";"94. MARIEL FERNANDA TRIGO VALLEJOS";"IND-PDC";"0";"0,00%";NA;""
"7";"95. JENNIFER VIOLETA LEIVA LABARCA";"IND-PDC";"0";"0,00%";NA;""
"7";"96. MAURICIO EDUARDO LILLO CAVAGNARO";"IND-PDC";"0";"0,00%";NA;""
"7";"97. RENE LUES ESCOBAR";"PDC";"0";"0,00%";NA;""
"7";"98. ANDRES CELIS MONTT";"RN";"0";"0,00%";NA;""
"7";"99. JOSE  EGIDO ARRIOLA";"RN";"0";"0,00%";NA;""
"7";"100. TRINIDAD MORAN HERRERA";"RN";"0";"0,00%";NA;""
"7";"101. ROSARIO PEREZ IZQUIERDO";"RN";"0";"0,00%";NA;""
"7";"102. MARIA JOSE HOFFMANN OPAZO";"UDI";"0";"0,00%";NA;""
"7";"103. OSVALDO  URRUTIA SOTO";"UDI";"0";"0,00%";NA;""
"7";"104. JORGE  CASTRO MUŃOZ";"UDI";"0";"0,00%";NA;""
"7";"105. ANNETTE  RAPU ZAMORA";"IND-UDI";"0";"0,00%";NA;""
"7";"106. PILAR SOBERADO NUŃEZ";"IND-EVOP.";"0";"0,00%";NA;""
"8";"50. CAMILO  LAGOS MIRANDA";"PRO";"0";"0,00%";NA;""
"8";"51. ALEXANDER GABRIEL ARANGUIZ MEZA";"PRO";"0";"0,00%";NA;""
"8";"52. BERTA DEL CARMEN MONTECINOS DURAN";"PRO";"0";"0,00%";NA;""
"8";"53. MANUEL ENRIQUE MUŃOZ PALACIOS";"PRO";"0";"0,00%";NA;""
"8";"54. MAURICIO ANTONIO SANTANDER VIDELA";"PRO";"0";"0,00%";NA;""
"8";"55. HUGO CIPRIANO NORAMBUENA RODRIGUEZ";"PRO";"0";"0,00%";NA;""
"8";"56. MICHAEL GABRIEL GUERRA MUŃOZ";"IND-PRO";"0";"0,00%";NA;""
"8";"57. GREMIDIA ESTELA SAGARDIA ARIAS";"IND-PRO";"0";"0,00%";NA;""
"8";"58. DAVID BLANCO URZUA";"PRO";"0";"0,00%";NA;""
"8";"59. CLAUDIA NATHALIE MIX JIMENEZ";"PODER";"0";"0,00%";NA;""
"8";"60. RICARDO ANGEL CAMARGO BRITO";"IND-PODER";"0";"0,00%";NA;""
"8";"61. MARIA TERESA ALVAREZ AGUILAR";"IND-PODER";"0";"0,00%";NA;""
"8";"62. RICARDO IVAN MALDONADO OLIVARES";"PH";"0";"0,00%";NA;""
"8";"63. CRISTOBAL MARDONES DIAZ";"PH";"0";"0,00%";NA;""
"8";"64. DORIS GONZALEZ LEMUNAO";"IND-PH";"0";"0,00%";NA;""
"8";"65. MARIA JOSE LEIVA JOPIA";"PEV";"0";"0,00%";NA;""
"8";"66. PABLO VIDAL ROJAS";"RD";"0";"0,00%";NA;""
"8";"67. MARCELA SANDOVAL OSORIO";"RD";"0";"0,00%";NA;""
"8";"68. VALDEMAR  SANHUEZA YEVENES";"UPA";"0";"0,00%";NA;""
"8";"69. MAURICIO ALVAREZ SEPULVEDA";"UPA";"0";"0,00%";NA;""
"8";"70. PAOLA  MARCELLI ASTUDILLO";"UPA";"0";"0,00%";NA;""
"8";"71. ANA MARIA MOLINA VILLARREAL";"UPA";"0";"0,00%";NA;""
"8";"72. JUAN HERNANDEZ MARTINEZ";"UPA";"0";"0,00%";NA;""
"8";"73. SILVIO  RIVERA DURAN";"UPA";"0";"0,00%";NA;""
"8";"74. VICTOR  ITURRIETA RIOS";"UPA";"0";"0,00%";NA;""
"8";"75. MARIA EUGENIA PARRA TORO";"UPA";"0";"0,00%";NA;""
"8";"76. MACARENA  PARRA PARRA";"UPA";"0";"0,00%";NA;""
"8";"77. ANDRES SANTANDER ORTEGA";"PSCH";"0";"0,00%";NA;""
"8";"78. GABRIELA CARRASCO TOBAR";"PSCH";"0";"0,00%";NA;""
"8";"79. PEPE AUTH STEWART";"IND-PRSD";"0";"0,00%";NA;""
"8";"80. MARCELA GEOVANNA CONCHA VILLANUEVA";"IND-PRSD";"0";"0,00%";NA;""
"8";"81. ALEJANDRO ZISIS DRINBERG";"IND-PPD";"0";"0,00%";NA;""
"8";"82. MIRIAM DEL CARMEN BAZAEZ GUERRA";"PPD";"0";"0,00%";NA;""
"8";"83. LORENA PIZARRO SIERRA";"PCCH";"0";"0,00%";NA;""
"8";"84. CARMEN HERTZ CADIZ";"PCCH";"0";"0,00%";NA;""
"8";"85. GABRIEL  SILBER ROMO";"PDC";"0";"0,00%";NA;""
"8";"86. VICTOR OSORIO REYES";"IND-PDC";"0";"0,00%";NA;""
"8";"87. ALEJANDRA MONASTERIO RIVAS";"IND-PDC";"0";"0,00%";NA;""
"8";"88. CECILIA VALDES LEON";"PDC";"0";"0,00%";NA;""
"8";"89. EVELYN DIANA GOMEZ HIDALGO";"IND-PDC";"0";"0,00%";NA;""
"8";"90. ALEJANDRA BRAVO HIDALGO";"PRI";"0";"0,00%";NA;""
"8";"91. SEBASTIAN  LAFAURIE RIVERA";"PRI";"0";"0,00%";NA;""
"8";"92. PABLO  GALDAMES DIAZ";"IND-PRI";"0";"0,00%";NA;""
"8";"93. MARIO  DESBORDES JIMENEZ";"RN";"0";"0,00%";NA;""
"8";"94. ANDREA  OJEDA MIRANDA";"RN";"0";"0,00%";NA;""
"8";"95. PERLA SEGUEL TORRES";"RN";"0";"0,00%";NA;""
"8";"96. PATRICIO MELERO ABAROA";"UDI";"0";"0,00%";NA;""
"8";"97. PIA  MARGARIT BAHAMONDE";"UDI";"0";"0,00%";NA;""
"8";"98. JOAQUIN  LAVIN LEON";"UDI";"0";"0,00%";NA;""
"9";"50. ANDREA  CONDEMARIN FUENTES";"PRO";"0";"0,00%";NA;""
"9";"51. ALAN  FANCELLI ESMAR";"PRO";"0";"0,00%";NA;""
"9";"52. ALEJANDRA SOLANGE NAVARRETE CARRASCO";"PRO";"0";"0,00%";NA;""
"9";"53. PABLO FRANCISCO GONZALEZ VERA";"IND-PRO";"0";"0,00%";NA;""
"9";"54. VALESKA DE LAS NIEVES OYARCE PEŃA";"IND-PRO";"0";"0,00%";NA;""
"9";"55. ROBERTO JULIO MARTINEZ MALDONADO";"IND-PRO";"0";"0,00%";NA;""
"9";"56. JORGE EDUARDO ROSALES VARGAS";"PEV";"0";"0,00%";NA;""
"9";"57. MAITE ORSINI PASCAL";"RD";"0";"0,00%";NA;""
"9";"58. PABLO ALEXIS PADILLA RUBIO";"IND-RD";"0";"0,00%";NA;""
"9";"59. ERICK MARCO ANTONIO COŃOMAN GARAY";"PODER";"0";"0,00%";NA;""
"9";"60. KIMBERLY GREDY SEGUEL VILLAGRAN";"PODER";"0";"0,00%";NA;""
"9";"61. CATALINA VIDAL MENDEZ";"PH";"0";"0,00%";NA;""
"9";"62. DIEGO  VILLAS MONTECINOS";"IGUAL.";"0";"0,00%";NA;""
"9";"63. SANDRA ELENA URIBE FLORES";"IND-IGUAL.";"0";"0,00%";NA;""
"9";"64. ALEJANDRO ARAVENA EGAŃA";"UPA";"0";"0,00%";NA;""
"9";"65. GUIDO GONZALEZ VALENZUELA";"UPA";"0";"0,00%";NA;""
"9";"66. VALERIA SOTO CARRASCO";"UPA";"0";"0,00%";NA;""
"9";"67. ANA MARIA ARIAS AGURTO";"UPA";"0";"0,00%";NA;""
"9";"68. GONZALO NAVARRETE MUŃOZ";"PPD";"0";"0,00%";NA;""
"9";"69. CRISTINA GIRARDI LAVIN";"PPD";"0";"0,00%";NA;""
"9";"70. ALEJANDRA SAA CARRASCO";"PPD";"0";"0,00%";NA;""
"9";"71. KAROL  CARIOLA OLIVA";"PCCH";"0";"0,00%";NA;""
"9";"72. BORIS ANTHONY BARRERA MORENO";"PCCH";"0";"0,00%";NA;""
"9";"73. KARINA DELFINO MUSSA";"PSCH";"0";"0,00%";NA;""
"9";"74. FRANCISCO FLORES RIQUELME";"PSCH";"0";"0,00%";NA;""
"9";"75. PILAR DURAN BARONTI";"PSCH";"0";"0,00%";NA;""
"9";"76. CRISTIAN BOWEN GARFIAS";"PDC";"0";"0,00%";NA;""
"9";"77. RODRIGO ALBORNOZ POLLMANN";"PDC";"0";"0,00%";NA;""
"9";"78. HUMBERTO SANHUEZA BARRIGA";"PDC";"0";"0,00%";NA;""
"9";"79. CAROLINA MORA SAA";"PDC";"0";"0,00%";NA;""
"9";"80. MIJAIL BONITO LOVIO";"EVOP.";"0";"0,00%";NA;""
"9";"81. SEBASTIAN KEITEL BIANCHI";"IND-EVOP.";"0";"0,00%";NA;""
"9";"82. JORGE DURAN ESPINOZA";"RN";"0";"0,00%";NA;""
"9";"83. KATHERINE  MARTORELL AWAD";"RN";"0";"0,00%";NA;""
"9";"84. ERIKA OLIVERA DE LA FUENTE";"IND-RN";"0";"0,00%";NA;""
"9";"85. CLAUDIA  NOGUEIRA FERNANDEZ";"UDI";"0";"0,00%";NA;""
"9";"86. LORETO LETELIER BARRERA";"UDI";"0";"0,00%";NA;""
"9";"87. CRISTOBAL LETURIA INFANTE";"UDI";"0";"0,00%";NA;""
"9";"88. EDDY  ROLDAN CABRERA";"IND";"0";"0,00%";NA;""
"10";"50. ANDREA  DUARTE VIDAL";"PRO";"0";"0,00%";NA;""
"10";"51. RAUL ALBERTO VILLAVICENCIO MARABOLI";"PRO";"0";"0,00%";NA;""
"10";"52. CAROLINA DE LA PAZ HINOJOSA CANALES";"IND-PRO";"0";"0,00%";NA;""
"10";"53. JORGE ALBERTO ARROYO SALGADO";"IND-PRO";"0";"0,00%";NA;""
"10";"54. JULIAN ALCAYAGA OLIVARES";"IND-PRO";"0";"0,00%";NA;""
"10";"55. PATRICIA ELENA VALENZUELA SANDOVAL";"IND-PRO";"0";"0,00%";NA;""
"10";"56. RODOLFO JAVIER CHELME BUSTOS";"PRO";"0";"0,00%";NA;""
"10";"57. GIORGIO JACKSON DRAGO";"RD";"0";"0,00%";NA;""
"10";"58. NATALIA CASTILLO MUŃOZ";"RD";"0";"0,00%";NA;""
"10";"59. GONZALO WINTER ETCHEBERRY";"RD";"0";"0,00%";NA;""
"10";"60. FRANCISCO  FIGUEROA CERDA";"PEV";"0";"0,00%";NA;""
"10";"61. PATRICIO ANTONIO NEIRA PEZOA";"PEV";"0";"0,00%";NA;""
"10";"62. ROSARIO ANDREA OLIVARES SAAVEDRA";"PEV";"0";"0,00%";NA;""
"10";"63. JUAN CARLOS SANTIBAŃEZ NORAMBUENA";"IND-PEV";"0";"0,00%";NA;""
"10";"64. CHRISTIAN  PULGAR TOLEDO";"PH";"0";"0,00%";NA;""
"10";"65. ALBERTO MAYOL MIRANDA";"IND-IGUAL.";"0";"0,00%";NA;""
"10";"66. FABIAN VASQUEZ SILVA";"UPA";"0";"0,00%";NA;""
"10";"67. SERGIO GOMEZ CELEDON";"UPA";"0";"0,00%";NA;""
"10";"68. ANGELICA CORNEJO ZUŃIGA";"UPA";"0";"0,00%";NA;""
"10";"69. CARLA GONZALEZ MORALES";"UPA";"0";"0,00%";NA;""
"10";"70. NINOZKA SANCHEZ CARO";"UPA";"0";"0,00%";NA;""
"10";"71. CHRISTIAN JORQUERA TAPIA";"UPA";"0";"0,00%";NA;""
"10";"72. JULIA  URQUIETA OLIVARES";"PCCH";"0";"0,00%";NA;""
"10";"73. JAVIERA  OLIVARES MARDONES";"PCCH";"0";"0,00%";NA;""
"10";"74. RAMON  FARIAS PONCE";"PPD";"0";"0,00%";NA;""
"10";"75. VERONICA PAULINA PINILLA MARTINEZ";"PPD";"0";"0,00%";NA;""
"10";"76. MAYA  FERNANDEZ ALLENDE";"PSCH";"0";"0,00%";NA;""
"10";"77. FRANCYS  FOIX FUENTEALBA";"PSCH";"0";"0,00%";NA;""
"10";"78. VALESKA  NARANJO DAWSON";"IND-PSCH";"0";"0,00%";NA;""
"10";"79. CAROLA ANDREA SOLIS ARAYA";"PRSD";"0";"0,00%";NA;""
"10";"80. CLAUDIO  ARRIAGADA MACAYA";"PDC";"0";"0,00%";NA;""
"10";"81. EVA JIMENEZ URIZAR";"PDC";"0";"0,00%";NA;""
"10";"82. NICOLAS MUŃOZ MONTES";"PDC";"0";"0,00%";NA;""
"10";"83. TITO JAIME MONJE PINCHEIRA";"PDC";"0";"0,00%";NA;""
"10";"84. PEDRO ENRIQUE GARCIA ASPILLAGA";"PDC";"0";"0,00%";NA;""
"10";"85. ANA MARIA HERNANDEZ SAN MARTIN";"PDC";"0";"0,00%";NA;""
"10";"86. MARCELA  SABAT FERNANDEZ";"RN";"0";"0,00%";NA;""
"10";"87. ROSA OYARCE SUAZO";"RN";"0";"0,00%";NA;""
"10";"88. SEBASTIAN TORREALBA ALVARADO";"RN";"0";"0,00%";NA;""
"10";"89. JORGE ALESSANDRI VERGARA";"UDI";"0";"0,00%";NA;""
"10";"90. CAROLINA LAVIN ALIAGA";"UDI";"0";"0,00%";NA;""
"10";"91. JULIO ISAMIT DIAZ";"IND-UDI";"0";"0,00%";NA;""
"10";"92. LUCIANO CRUZ-COKE CARVALLO";"EVOP.";"0";"0,00%";NA;""
"10";"93. LUIS LARRAIN STIEB";"IND-EVOP.";"0";"0,00%";NA;""
"10";"94. CECILIA AGUAYO IPINZA";"IND-EVOP.";"0";"0,00%";NA;""
"10";"95. DAUNO TOTORO NAVARRO";"IND";"0";"0,00%";NA;""
"11";"50. NICOLAS MENARE MORALES";"PRO";"0";"0,00%";NA;""
"11";"51. MIGUEL ANGEL RENDON ESCOBAR";"IND-PRO";"0";"0,00%";NA;""
"11";"52. ELIANA MELENDEZ MOLINA";"PRO";"0";"0,00%";NA;""
"11";"53. LILIAN DEL CARMEN QUILAQUEO SOZA";"PRO";"0";"0,00%";NA;""
"11";"54. ANA INES MARDONES CONTRERAS";"PRO";"0";"0,00%";NA;""
"11";"55.  JOHANNA DUARTE NARVAEZ";"PRO";"0";"0,00%";NA;""
"11";"56. MARCELA YAŃEZ BRAVO";"IND-PRO";"0";"0,00%";NA;""
"11";"57. TOMAS HIRSCH GOLDSCHMIDT";"PH";"0";"0,00%";NA;""
"11";"58. FERNANDO ANDRES ENCINA WAISSBLUTH";"IND-PH";"0";"0,00%";NA;""
"11";"59. SOLEDAD ALAMOS FUENZALIDA";"RD";"0";"0,00%";NA;""
"11";"60. MANUELA ALEJANDRA VELOSO DORNER";"IND-RD";"0";"0,00%";NA;""
"11";"61. NATALIA  GARRIDO TORO";"IGUAL.";"0";"0,00%";NA;""
"11";"62. CAMILA  IANISZEWSKI CONTRERAS";"IGUAL.";"0";"0,00%";NA;""
"11";"63. WILLEM SCHUITEMAKER TRUFFELLO";"PEV";"0";"0,00%";NA;""
"11";"64. ARTURO MUŃOZ ZUŃIGA";"UPA";"0";"0,00%";NA;""
"11";"65. LUISA PARRA CASTRO";"UPA";"0";"0,00%";NA;""
"11";"66. PABLO PRADO PULIDO";"UPA";"0";"0,00%";NA;""
"11";"67. LUCIA RIVERA HAUENSTEIN";"UPA";"0";"0,00%";NA;""
"11";"68. RENE  JOFRE DELGADO";"PPD";"0";"0,00%";NA;""
"11";"69. ENRIQUE LUIS ACCORSI OPAZO";"PPD";"0";"0,00%";NA;""
"11";"70. PATRICIA ANITA COCAS GONZALEZ";"IND-PPD";"0";"0,00%";NA;""
"11";"71. MAURICIO JAVIER ABU-GHOSH PARHAM";"IND-PCCH";"0";"0,00%";NA;""
"11";"72. FERNANDO ATRIA LEMAITRE";"PSCH";"0";"0,00%";NA;""
"11";"73. VIVIENNE  BACHELET NORELLI";"PSCH";"0";"0,00%";NA;""
"11";"74. TAMARA MOYA MOYANO";"PSCH";"0";"0,00%";NA;""
"11";"75. CRISTOBAL ACEVEDO FERRER";"PDC";"0";"0,00%";NA;""
"11";"76. PAULINA PIŃEIRO UGARTE";"PDC";"0";"0,00%";NA;""
"11";"77. NELSON HADAD HERESY";"PDC";"0";"0,00%";NA;""
"11";"78. JULIO ENRIQUE MADRID FUENTES";"PDC";"0";"0,00%";NA;""
"11";"79. CECILIA GONZALEZ HANSEN";"PDC";"0";"0,00%";NA;""
"11";"80. FRANCISCO UNDURRAGA GAZITUA";"EVOP.";"0";"0,00%";NA;""
"11";"81. GONZALO  FUENZALIDA FIGUEROA";"RN";"0";"0,00%";NA;""
"11";"82. CATALINA DEL REAL MIHOVILOVIC";"RN";"0";"0,00%";NA;""
"11";"83. KARIN  LUCK URBAN";"RN";"0";"0,00%";NA;""
"11";"84. PABLO  TERRAZAS LAGOS";"UDI";"0";"0,00%";NA;""
"11";"85. BARBARA  SOTO SILVA";"UDI";"0";"0,00%";NA;""
"11";"86. GUILLERMO  RAMIREZ DIEZ";"UDI";"0";"0,00%";NA;""
"12";"50. DAVID  HENRIQUEZ ESPINOZA";"PRO";"0";"0,00%";NA;""
"12";"51. JOSE ANTONIO  HENRIQUEZ MUŃIZ";"PRO";"0";"0,00%";NA;""
"12";"52. VICTOR HUGO ORTIZ AVENDAŃO";"PRO";"0";"0,00%";NA;""
"12";"53. GLADYS LORENA PALMA VALLEJOS";"PRO";"0";"0,00%";NA;""
"12";"54. MARIBEL  MARTINEZ LOPEZ";"IND-PRO";"0";"0,00%";NA;""
"12";"55. CLAUDIO  HERRERA SAN MARTIN";"PRO";"0";"0,00%";NA;""
"12";"56. PABLINA MELLA DIAZ";"IND-PRO";"0";"0,00%";NA;""
"12";"57. MIGUEL  CRISPI SERRANO";"RD";"0";"0,00%";NA;""
"12";"58. ANDREA STELLA SALAZAR NAVIA";"IND-RD";"0";"0,00%";NA;""
"12";"59. KARINA LORETTA OLIVA PEREZ";"PODER";"0";"0,00%";NA;""
"12";"60. LUIS MARIANO RENDON ESCOBAR";"IND-PODER";"0";"0,00%";NA;""
"12";"61. JOSE ANSELMO HIDALGO ZAMORA";"IND-PODER";"0";"0,00%";NA;""
"12";"62. PAMELA JILES MORENO";"PH";"0";"0,00%";NA;""
"12";"63. VALENTINA OLIVARES GRAY";"PH";"0";"0,00%";NA;""
"12";"64. SUSANA ROSA HERNANDEZ COLLAO";"IGUAL.";"0";"0,00%";NA;""
"12";"65. EDUARDO GUTIERREZ GONZALEZ";"UPA";"0";"0,00%";NA;""
"12";"66. JORGE ARAVENA EGAŃA";"UPA";"0";"0,00%";NA;""
"12";"67. PATRICIO ALTAMIRANO ARANCIBIA";"UPA";"0";"0,00%";NA;""
"12";"68. GLORIA ANGELICA GALLARDO VOSS";"UPA";"0";"0,00%";NA;""
"12";"69. CAMILA  VALLEJO DOWLING";"PCCH";"0";"0,00%";NA;""
"12";"70. AMARO  LABRA SEPULVEDA";"PCCH";"0";"0,00%";NA;""
"12";"71. OSVALDO  ANDRADE LARA";"PSCH";"0";"0,00%";NA;""
"12";"72. MARIA JOSE BECERRA MORO";"PSCH";"0";"0,00%";NA;""
"12";"73. LORENA PATRICIA BUSTAMANTE MEDINA";"PRSD";"0";"0,00%";NA;""
"12";"74. JAIME FRANCISCO ESCUDERO RAMOS";"PPD";"0";"0,00%";NA;""
"12";"75. MELISSA ESTEFANIA VARAS MONTERO";"PPD";"0";"0,00%";NA;""
"12";"76. PAZ ANDREA SUAREZ BRIONES";"PPD";"0";"0,00%";NA;""
"12";"77. NICOLE VANESSA VALDEBENITO TORRES";"PDC";"0";"0,00%";NA;""
"12";"78. MARCELA CANALES HIPP";"PDC";"0";"0,00%";NA;""
"12";"79. LEOPOLDO  PEREZ LAHSEN";"RN";"0";"0,00%";NA;""
"12";"80. XIMENA OSSANDON IRARRAZABAL";"RN";"0";"0,00%";NA;""
"12";"81. OLGA  GONZALEZ DEL RIEGO GARCIA";"RN";"0";"0,00%";NA;""
"12";"82. MICHELLE  ZUNINO PALACIOS";"IND-RN";"0";"0,00%";NA;""
"12";"83. CLAUDIA  LANGE FARIAS";"UDI";"0";"0,00%";NA;""
"12";"84. MARIA TERESA LAVIN ALIAGA";"UDI";"0";"0,00%";NA;""
"12";"85. KARLA  JAŃA VALENZUELA";"UDI";"0";"0,00%";NA;""
"12";"86. ALVARO  CARTER FERNANDEZ";"IND-UDI";"0";"0,00%";NA;""
"12";"87. PATRICIO  MUŃOZ CARDENAS";"IND";"0";"0,00%";NA;""
"13";"50. MARCIA ALEJANDRA SOTO DIAZ";"IND-PRO";"0";"0,00%";NA;""
"13";"51. ANA MARIA TOLEDO GUERRA";"PRO";"0";"0,00%";NA;""
"13";"52. PATRICIO ALFONSO JIMENEZ GONZALEZ";"IND-PRO";"0";"0,00%";NA;""
"13";"53. OSCAR FELIPE VARGAS COLOMA";"IND-PRO";"0";"0,00%";NA;""
"13";"54. CRISTIAN MARCELO DIAZ MUŃOZ";"PRO";"0";"0,00%";NA;""
"13";"55. JUAN MANUEL CASAS QUINTRIQUEO";"IND-PRO";"0";"0,00%";NA;""
"13";"56. GAEL FERNANDA YEOMANS ARAYA";"RD";"0";"0,00%";NA;""
"13";"57. CESAR ALEJANDRO SOLIS SANCHEZ";"RD";"0";"0,00%";NA;""
"13";"58. IRMA EDITH PEREZ LLANQUIN";"PEV";"0";"0,00%";NA;""
"13";"59. MAURICIO ALEJANDRO CARRASCO NUŃEZ";"IND-PEV";"0";"0,00%";NA;""
"13";"60. GABRIEL ESTEBAN BRAVO MUŃOZ";"IGUAL.";"0";"0,00%";NA;""
"13";"61. CARLOS  ASTUDILLO LOPEZ";"IGUAL.";"0";"0,00%";NA;""
"13";"62. GUILLERMO  ARAVENA MONDACA";"UPA";"0";"0,00%";NA;""
"13";"63. GASPAR ORTIZ CARDENAS";"UPA";"0";"0,00%";NA;""
"13";"64. CRISTIAN  BAEZA FIGUEROA";"UPA";"0";"0,00%";NA;""
"13";"65. ZAIDA  FALCES SALAZAR";"UPA";"0";"0,00%";NA;""
"13";"66. GUILLERMO TEILLIER DEL VALLE";"PCCH";"0";"0,00%";NA;""
"13";"67. JAVIERA PAZ REYES JARA";"PCCH";"0";"0,00%";NA;""
"13";"68. TUCAPEL FRANCISCO JIMENEZ FUENTES";"PPD";"0";"0,00%";NA;""
"13";"69. CAMILA  BRUNA FAUNDES";"PPD";"0";"0,00%";NA;""
"13";"70. DANIEL MELO CONTRERAS";"PSCH";"0";"0,00%";NA;""
"13";"71. JAIME FUENTEALBA MALDONADO";"PSCH";"0";"0,00%";NA;""
"13";"72. IVAN FUENTES CASTILLO";"PDC";"0";"0,00%";NA;""
"13";"73. RODOLFO  SEGUEL MOLINA";"PDC";"0";"0,00%";NA;""
"13";"74. GEORGINA MARIA VILLABLANCA MARTINEZ";"PDC";"0";"0,00%";NA;""
"13";"75. TAMARA MORA MORA";"PDC";"0";"0,00%";NA;""
"13";"76. LUIS ACEVEDO QUINTANILLA";"PDC";"0";"0,00%";NA;""
"13";"77. CRISTHIAN  MOREIRA BARROS";"UDI";"0";"0,00%";NA;""
"13";"78. ALVARO PILLADO IRRIBARRA";"UDI";"0";"0,00%";NA;""
"13";"79. VERONICA GARRIDO BELLO";"EVOP.";"0";"0,00%";NA;""
"13";"80. LORETO  SEGUEL KING";"IND-EVOP.";"0";"0,00%";NA;""
"13";"81. EDUARDO  DURAN SALINAS";"RN";"0";"0,00%";NA;""
"13";"82. MACARENA  DONOSO ROJAS";"RN";"0";"0,00%";NA;""
"14";"50. MARISELA  SANTIBAŃEZ NOVOA";"PRO";"0";"0,00%";NA;""
"14";"51. SUSANA  SANCHEZ GONGORA";"PRO";"0";"0,00%";NA;""
"14";"52. JOSE LUIS STARK AGUILERA";"PRO";"0";"0,00%";NA;""
"14";"53. MARCIA MILLAQUEO IBARRA";"IND-PRO";"0";"0,00%";NA;""
"14";"54. CLAUDIO PATRICIO MONTERO ARRATIA";"IND-PRO";"0";"0,00%";NA;""
"14";"55. MARCELO VERA PAVEZ";"IND-PRO";"0";"0,00%";NA;""
"14";"56. DAVID ALEXIS SALDAŃA VERGARA";"PRO";"0";"0,00%";NA;""
"14";"57. FRANCISCO VALDES REYES";"IGUAL.";"0";"0,00%";NA;""
"14";"58. ALEJANDRO IGNACIO IRARRAZABAL SALDIAS";"IGUAL.";"0";"0,00%";NA;""
"14";"59. CARLOS ALBERTO NAVARRO GALLINATO";"IGUAL.";"0";"0,00%";NA;""
"14";"60. JUAN DOMINGO VILLAVICENCIO PASTEN";"PH";"0";"0,00%";NA;""
"14";"61. ALENA  GUTIERREZ MORENO";"IND-PH";"0";"0,00%";NA;""
"14";"62. VICTOR RICARDO  CERDA MORALES";"PEV";"0";"0,00%";NA;""
"14";"63. RENATO  GARIN GONZALEZ";"RD";"0";"0,00%";NA;""
"14";"64. ROBERTO CARLOS OVALLE MOLINA";"UPA";"0";"0,00%";NA;""
"14";"65. MARIO FAJARDO PEREZ";"UPA";"0";"0,00%";NA;""
"14";"66. DENNY FLORES BUSTOS";"UPA";"0";"0,00%";NA;""
"14";"67. ESTEBAN CACERES OLAVE";"UPA";"0";"0,00%";NA;""
"14";"68. CLARA RIOS LUEIZA";"UPA";"0";"0,00%";NA;""
"14";"69. LEONARDO  SOTO FERRADA";"PSCH";"0";"0,00%";NA;""
"14";"70. RAUL  LEIVA CARVAJAL";"PSCH";"0";"0,00%";NA;""
"14";"71. YOVANNA  FUENTES PINO";"IND-PSCH";"0";"0,00%";NA;""
"14";"72. MARCIA  GONZALEZ NAVARRO";"PRSD";"0";"0,00%";NA;""
"14";"73. MARIO  GEBAUER BRINGAS";"PPD";"0";"0,00%";NA;""
"14";"74. ANGEL RICARDO BOZAN RAMOS";"PPD";"0";"0,00%";NA;""
"14";"75. DIEGO EDUARDO CALDERON GAJARDO";"PDC";"0";"0,00%";NA;""
"14";"76. PAULA  ZUŃIGA CALDERON";"PDC";"0";"0,00%";NA;""
"14";"77. DAVID  MORALES NORDETTI";"PDC";"0";"0,00%";NA;""
"14";"78. ALEJANDRA  NOVOA SANDOVAL";"RN";"0";"0,00%";NA;""
"14";"79. ANGELICA PINO SAN MARTIN";"RN";"0";"0,00%";NA;""
"14";"80. ANTONIO  HORVATH GUTIERREZ";"RN";"0";"0,00%";NA;""
"14";"81. JUAN ANTONIO COLOMA ALAMOS";"UDI";"0";"0,00%";NA;""
"14";"82. JAIME  BELLOLIO AVARIA";"UDI";"0";"0,00%";NA;""
"14";"83. ISABEL MARGARITA LABBE MARTINEZ";"UDI";"0";"0,00%";NA;""
"14";"84. JUANA  SILVA MUŃOZ";"IND-UDI";"0";"0,00%";NA;""
"15";"50. FILOMENA  CARMEN URBINA CAMPOS";"PRO";"0";"0,00%";NA;""
"15";"51. BENJAMIN NELSON ARANEDA GONZALEZ";"PRO";"0";"0,00%";NA;""
"15";"52. VICTOR HUGO CAMILLA REYES";"PRO";"0";"0,00%";NA;""
"15";"53. ANDRES ESTEBAN MORENO BILBAO";"IND-PRO";"0";"0,00%";NA;""
"15";"54. CRISTIAN ALFREDO ROJAS DONOSO";"IND-PRO";"0";"0,00%";NA;""
"15";"55. CRISTIAN ALEJANDRO PALMA SANHUEZA";"IND-PRO";"0";"0,00%";NA;""
"15";"56. KARIN RODRIGO BELMAR GUZMAN";"RD";"0";"0,00%";NA;""
"15";"57. MARIA MARGARITA CRESPO URETA";"RD";"0";"0,00%";NA;""
"15";"58. JOAQUIN ARDUENGO NAREDO";"PH";"0";"0,00%";NA;""
"15";"59. GRACIELA FILOMENA ISLA PEREZ";"IND-PH";"0";"0,00%";NA;""
"15";"60. ANDRES ALFONSO GUILLERMO LEAL ALVARADO";"PH";"0";"0,00%";NA;""
"15";"61. ALFREDO VALENZUELA BRICEŃO";"FRVS";"0";"0,00%";NA;""
"15";"62. CATHERINE FIELDHOUSE ALARCON";"IND-FRVS";"0";"0,00%";NA;""
"15";"63. CAROL HOLE BELL";"IND-FRVS";"0";"0,00%";NA;""
"15";"64. CARLOS ENRIQUE ORTEGA AEDO";"IND-FRVS";"0";"0,00%";NA;""
"15";"65. GUIDO MIRANDA ROJAS";"UPA";"0";"0,00%";NA;""
"15";"66. EMMANUEL LARA ACEVEDO";"UPA";"0";"0,00%";NA;""
"15";"67. PABLO CAROCA VASQUEZ";"UPA";"0";"0,00%";NA;""
"15";"68. MARIANA CONCHA MUŃOZ";"UPA";"0";"0,00%";NA;""
"15";"69. LESLIE DIAZ SILVA";"UPA";"0";"0,00%";NA;""
"15";"70. FELIPE LETELIER NORAMBUENA";"PPD";"0";"0,00%";NA;""
"15";"71. EDUARDO JAVIER VERGARA BOLBARAN";"PPD";"0";"0,00%";NA;""
"15";"72. JUAN LUIS CASTRO GONZALEZ";"PSCH";"0";"0,00%";NA;""
"15";"73. OSCAR  AVILA MENDEZ";"PSCH";"0";"0,00%";NA;""
"15";"74. RODOLFO ARTURO NUŃEZ BUSTAMANTE";"PCCH";"0";"0,00%";NA;""
"15";"75. FRANCISCO ALEJANDRO PARRAGUEZ LEIVA";"ICCH";"0";"0,00%";NA;""
"15";"76. JUAN CARLOS OLMOS CASTRO";"IND-ICCH";"0";"0,00%";NA;""
"15";"77. ALEJANDRO ANSELMO SULE FERNANDEZ";"IND-ICCH";"0";"0,00%";NA;""
"15";"78. ANDRES LORCA SAAVEDRA";"PDC";"0";"0,00%";NA;""
"15";"79. JORGE  FREI TOLEDO";"PDC";"0";"0,00%";NA;""
"15";"80. RAUL  SOTO MARDONES";"PDC";"0";"0,00%";NA;""
"15";"81. JAVIER MACAYA DANUS";"UDI";"0";"0,00%";NA;""
"15";"82. PAULINA ORELLANA AUIL";"IND-UDI";"0";"0,00%";NA;""
"15";"83. ISSA  KORT GARRIGA";"UDI";"0";"0,00%";NA;""
"15";"84. IVONNE MANGELSDORFF GALEB";"RN";"0";"0,00%";NA;""
"15";"85.  PAMELA MEDINA SCHULZ";"IND-RN";"0";"0,00%";NA;""
"15";"86. DIEGO SCHALPER SEPULVEDA";"IND-RN";"0";"0,00%";NA;""
"16";"50. NILZA MARCELA ROJAS ESCHMANN";"PRO";"0";"0,00%";NA;""
"16";"51. JOSE GREGORIO ARGOMEDO SERRE";"PRO";"0";"0,00%";NA;""
"16";"52. RUBEN EDUARDO ANDINO MALDONADO";"PH";"0";"0,00%";NA;""
"16";"53. ADRIANA ROMAN TAPIA";"IND-PH";"0";"0,00%";NA;""
"16";"54. RICARDO LISBOA HENRIQUEZ";"PH";"0";"0,00%";NA;""
"16";"55. CLAUDIO CANEPA BLUMENBERG";"RD";"0";"0,00%";NA;""
"16";"56. MARIA TERESA HUALA MOLINA";"IND-RD";"0";"0,00%";NA;""
"16";"57. ALEJANDRA  SEPULVEDA ORBENES";"FRVS";"0";"0,00%";NA;""
"16";"58. LISETTE HEDWIG BOSSHARD PEŃA";"FRVS";"0";"0,00%";NA;""
"16";"59. VICTOR  BUSTAMANTE GALAZ";"FRVS";"0";"0,00%";NA;""
"16";"60. ALEXANDRA  DIAZ MUŃOZ";"IND-FRVS";"0";"0,00%";NA;""
"16";"61. KATHERINE ROJAS PEŃAILILLO";"UPA";"0";"0,00%";NA;""
"16";"62. COSME  MELLADO PINO";"PRSD";"0";"0,00%";NA;""
"16";"63. CAMILO ARTURO GARCIA DE LA BARRA";"PRSD";"0";"0,00%";NA;""
"16";"64. MORIN  CONTRERAS CONCHA";"PSCH";"0";"0,00%";NA;""
"16";"65. SERGIO ARIEL SALAZAR MEZA";"PSCH";"0";"0,00%";NA;""
"16";"66. CAROLINA ELSA ICELA CUCUMIDES CALDERON";"PPD";"0";"0,00%";NA;""
"16";"67. JUAN CARLOS LATORRE CARMONA";"PDC";"0";"0,00%";NA;""
"16";"68. MACARENA ZAPATA MARMOLEJO";"IND-PDC";"0";"0,00%";NA;""
"16";"69. PATRICIA ANDREA IBACETA SANTOS";"PDC";"0";"0,00%";NA;""
"16";"70. SEBASTIAN LLANTEN MORALES";"PDC";"0";"0,00%";NA;""
"16";"71. CHRISTIAN ANDRES GONZALEZ GONZALEZ";"IND-ICCH";"0";"0,00%";NA;""
"16";"72. JULIO  IBARRA MALDONADO";"RN";"0";"0,00%";NA;""
"16";"73. MAURICIO BOZA GONZALEZ";"RN";"0";"0,00%";NA;""
"16";"74. RAMON  BARROS MONTERO";"UDI";"0";"0,00%";NA;""
"16";"75. VIRGINIA  TRONCOSO HELLMAN";"UDI";"0";"0,00%";NA;""
"16";"76. VANESSA  CABELLO PARADA";"UDI";"0";"0,00%";NA;""
"16";"77. SAMUEL FLORES GARRIDO";"IND";"0";"0,00%";NA;""
"17";"50. FERNANDO ADILIO LEAL ARAVENA";"PAIS";"0";"0,00%";NA;""
"17";"51. PAMELA ANDREA VALENZUELA CASTILLO";"IND-PAIS";"0";"0,00%";NA;""
"17";"52. IVONNE CECILIA SAN LUIS GONZALEZ";"IND-PAIS";"0";"0,00%";NA;""
"17";"53. JOSE MANUEL ARAYA ARAYA";"PAIS";"0";"0,00%";NA;""
"17";"54. ROSA DEL CARMEN RIQUELME ANDRADES";"PAIS";"0";"0,00%";NA;""
"17";"55. GENARO MALDONADO PALMA";"PRO";"0";"0,00%";NA;""
"17";"56. NATALY  ROJAS SEGUEL";"RD";"0";"0,00%";NA;""
"17";"57. VALERIA  ORTEGA CADENA";"RD";"0";"0,00%";NA;""
"17";"58. MARCELO  RIOSECO PAIS";"PH";"0";"0,00%";NA;""
"17";"59. IVAN  SEPULVEDA SEPULVEDA";"PH";"0";"0,00%";NA;""
"17";"60. FLORCITA ALARCON ROJAS";"PH";"0";"0,00%";NA;""
"17";"61. JUAN HERRERA FUENTES";"IND-LIBER.";"0";"0,00%";NA;""
"17";"62. GABRIELA  TORRES PINCHEIRA";"IND-LIBER.";"0";"0,00%";NA;""
"17";"63. IVAN MORAN MORAN";"LIBER.";"0";"0,00%";NA;""
"17";"64. JUAN FRANCISCO PULGAR CASTILLO";"IND-CIUD.";"0";"0,00%";NA;""
"17";"65. CARLOS IVAN MUŃOZ ARAYA";"CIUD.";"0";"0,00%";NA;""
"17";"66. LILIAN TAMARA UNDA ESCALONA";"IND-CIUD.";"0";"0,00%";NA;""
"17";"67. MAURICIO ANDRES AGUILERA MUŃOZ";"CIUD.";"0";"0,00%";NA;""
"17";"68. VALERIA BEATRIZ FANNY ARANCIBIA LUCO";"CIUD.";"0";"0,00%";NA;""
"17";"69. ALEXIS SEPULVEDA SOTO";"PRSD";"0";"0,00%";NA;""
"17";"70. JUAN ENRIQUE NORAMBUENA MATUS";"PRSD";"0";"0,00%";NA;""
"17";"71. JORGE CESPEDES POZO";"PSCH";"0";"0,00%";NA;""
"17";"72. BORIS DURAN REYES";"PSCH";"0";"0,00%";NA;""
"17";"73. ALEJANDRA SUAZO DURAN";"PSCH";"0";"0,00%";NA;""
"17";"74. BEATRIZ VILLENA ROCO";"PPD";"0";"0,00%";NA;""
"17";"75. HENRY BERNARD VARAS CONCHA";"PPD";"0";"0,00%";NA;""
"17";"76. ROBERTO EDUARDO LEON RAMIREZ";"PDC";"0";"0,00%";NA;""
"17";"77. PABLO LORENZINI BASSO";"PDC";"0";"0,00%";NA;""
"17";"78. CLAUDIA ANDREA SANCHEZ SOTO";"PDC";"0";"0,00%";NA;""
"17";"79. GRACIELA TORRES INOSTROZA";"PDC";"0";"0,00%";NA;""
"17";"80. VIVIANA ALEJANDRA GULPPI RUBIO";"ICCH";"0";"0,00%";NA;""
"17";"81. CELSO MORALES MUŃOZ";"UDI";"0";"0,00%";NA;""
"17";"82. ELENA  ROJAS ALVARADO";"UDI";"0";"0,00%";NA;""
"17";"83. PEDRO PABLO ALVAREZ-SALAMANCA RAMIREZ";"UDI";"0";"0,00%";NA;""
"17";"84. GERMAN VERDUGO SOTO";"IND-UDI";"0";"0,00%";NA;""
"17";"85. ELIAS VISTOSO URRUTIA";"EVOP.";"0";"0,00%";NA;""
"17";"86. GONZALO  MONTERO VIVEROS";"RN";"0";"0,00%";NA;""
"17";"87. HUGO  REY MARTINEZ";"RN";"0";"0,00%";NA;""
"17";"88. PABLO  PRIETO LORCA";"IND-RN";"0";"0,00%";NA;""
"18";"50. LORENA ARELLANO NAVARRO";"PRO";"0";"0,00%";NA;""
"18";"51. MARIA VERONICA SAAVEDRA HENRIQUEZ";"PRO";"0";"0,00%";NA;""
"18";"52. SAMUEL ABELARDO JIMENEZ MORAGA";"IND-PRO";"0";"0,00%";NA;""
"18";"53. EUDALDO HERNAN GONZALEZ MANRIQUEZ";"IND-PRO";"0";"0,00%";NA;""
"18";"54. ALEXANDER MITJAEW PANASEWITSCH";"IND-PAIS";"0";"0,00%";NA;""
"18";"55. CARLOS ALBERTO TILLERIA GOMEZ";"RD";"0";"0,00%";NA;""
"18";"56. LILIAN KARINA CANCINO HENRIQUEZ";"RD";"0";"0,00%";NA;""
"18";"57. NATALIA ALEJANDRA VILLALOBOS CAMPOS";"PH";"0";"0,00%";NA;""
"18";"58. SERGIO CARVAJAL CADIZ";"PH";"0";"0,00%";NA;""
"18";"59. PAOLA ANDREA CABEZAS ZUŃIGA";"IND-CIUD.";"0";"0,00%";NA;""
"18";"60. GONZALO EDUARDO JARA ESPINOZA";"CIUD.";"0";"0,00%";NA;""
"18";"61. ALVARO ANDRES ARRIETA LEIVA";"CIUD.";"0";"0,00%";NA;""
"18";"62. JAIME  NARANJO ORTIZ";"PSCH";"0";"0,00%";NA;""
"18";"63. GUILLERMO ARTURO CERONI FUENTES";"PPD";"0";"0,00%";NA;""
"18";"64. MARIA ANTONIETA ROJAS GONZALEZ";"PPD";"0";"0,00%";NA;""
"18";"65.  FRANCISCA BASCUŃAN PEŃA";"PRSD";"0";"0,00%";NA;""
"18";"66. RODOLFO  ARANDA VILLANUEVA";"IND-PRSD";"0";"0,00%";NA;""
"18";"67. MANUEL JOSE MATTA ARAGAY";"PDC";"0";"0,00%";NA;""
"18";"68. CLAUDIA ARAVENA LAGOS";"PDC";"0";"0,00%";NA;""
"18";"69. PABLO GUTIERREZ PAREJA";"PDC";"0";"0,00%";NA;""
"18";"70. FELIPE  CISTERNAS SOBARZO";"RN";"0";"0,00%";NA;""
"18";"71. ALEJANDRA RAMIREZ VERDUGO";"RN";"0";"0,00%";NA;""
"18";"72. IGNACIO URRUTIA BONILLA";"UDI";"0";"0,00%";NA;""
"18";"73. ROLANDO  RENTERIA MOLLER";"UDI";"0";"0,00%";NA;""
"19";"50. CRISTIAN ANTONIO QUIROZ REYES";"PAIS";"0";"0,00%";NA;""
"19";"51. RICHARD MANUEL PINCHEIRA AEDO";"IND-PAIS";"0";"0,00%";NA;""
"19";"52. CARLOS HERNAN ASTETE ALVAREZ";"PRO";"0";"0,00%";NA;""
"19";"53. FANNY ESTHER ARAYA BAHAMONDE";"PRO";"0";"0,00%";NA;""
"19";"54. ENRIQUE EDIS JARA RIVERA";"IGUAL.";"0";"0,00%";NA;""
"19";"55. JOSE LUIS GUZMAN FERNANDEZ";"IND-IGUAL.";"0";"0,00%";NA;""
"19";"56. CAROLINA  MONSALVES SANHUEZA";"IND-PEV";"0";"0,00%";NA;""
"19";"57. XIMENA  LARENAS HENRIQUEZ";"PEV";"0";"0,00%";NA;""
"19";"58. JOVINESSA  MUJICA MARTINEZ";"PH";"0";"0,00%";NA;""
"19";"59. ROCIO GUZMAN MAGAŃA";"AMPLI.";"0";"0,00%";NA;""
"19";"60. HUGO GUIŃEZ MARDONES";"AMPLI.";"0";"0,00%";NA;""
"19";"61. ALEJANDRA SEPULVEDA RIOS";"IND-AMPLI.";"0";"0,00%";NA;""
"19";"62. MARIA JOSE RUBILAR ESCANDON";"AMPLI.";"0";"0,00%";NA;""
"19";"63. CARLOS ABEL JARPA WEVAR";"PRSD";"0";"0,00%";NA;""
"19";"64. JULIA  TORRES MATAMALA";"IND-PRSD";"0";"0,00%";NA;""
"19";"65. MARIA LORETO CARVAJAL AMBIADO";"PPD";"0";"0,00%";NA;""
"19";"66. MANUEL EDUARDO BELLO NUŃEZ";"PPD";"0";"0,00%";NA;""
"19";"67. GINA MARIA HIDALGO CANCINO";"PSCH";"0";"0,00%";NA;""
"19";"68. SOLEDAD TOHA VELOSO";"PSCH";"0";"0,00%";NA;""
"19";"69. JORGE EDUARDO SABAG VILLALOBOS";"PDC";"0";"0,00%";NA;""
"19";"70. PATRICIA WALEWESKA SALDIAS CARREŃO";"PDC";"0";"0,00%";NA;""
"19";"71. GRACIELA HAYDEE SUAREZ PEREZ";"PDC";"0";"0,00%";NA;""
"19";"72. MARCIA ISABEL WALL TORO";"PDC";"0";"0,00%";NA;""
"19";"73. GUSTAVO SANHUEZA DUEŃAS";"UDI";"0";"0,00%";NA;""
"19";"74. MARGARITA LETELIER CORTES";"UDI";"0";"0,00%";NA;""
"19";"75. CRISTOBAL MARTINEZ RAMIREZ";"IND-UDI";"0";"0,00%";NA;""
"19";"76. FRANK SAUERBAUM MUŃOZ";"RN";"0";"0,00%";NA;""
"19";"77. JACQUELINE  GUIŃEZ NUŃEZ";"RN";"0";"0,00%";NA;""
"19";"78. HORACIO BORQUEZ CONTI";"RN";"0";"0,00%";NA;""
"20";"50. HERNAN ORLANDO PINO SEGUEL";"PRO";"0";"0,00%";NA;""
"20";"51. MANUEL DAVID LOPEZ CARTES";"PRO";"0";"0,00%";NA;""
"20";"52. RODOLFO  RUIZ MEDEL";"PRO";"0";"0,00%";NA;""
"20";"53. MARIO ALEJANDRO JARA ESCOBAR";"PRO";"0";"0,00%";NA;""
"20";"54. ROBERTO ANDRES FRANCESCONI RIQUELME";"IND-PRO";"0";"0,00%";NA;""
"20";"55. RENZO ITALO GALGANI FONSECA";"PAIS";"0";"0,00%";NA;""
"20";"56. DAMARIS ILIA HERNANDEZ MUŃOZ";"PAIS";"0";"0,00%";NA;""
"20";"57. JORGE EDUARDO AGUAYO CERRO";"PAIS";"0";"0,00%";NA;""
"20";"58. VIVIANA  NAVARRO BRAIN";"PAIS";"0";"0,00%";NA;""
"20";"59. FELIX GONZALEZ GATICA";"PEV";"0";"0,00%";NA;""
"20";"60. RAQUEL REBOLLEDO FLORES";"PEV";"0";"0,00%";NA;""
"20";"61. PAULA OPAZO NOVA";"PEV";"0";"0,00%";NA;""
"20";"62. ELIZABETH MUJICA ZEPEDA";"PEV";"0";"0,00%";NA;""
"20";"63. CRISTIAN  CUEVAS ZAMBRANO";"PH";"0";"0,00%";NA;""
"20";"64. LORETO MUŃOZ GUTIERREZ";"PH";"0";"0,00%";NA;""
"20";"65. CAMILO  RIFFO QUINTANA";"PH";"0";"0,00%";NA;""
"20";"66. CLAUDIA  MONJE VIDAL";"IND-PH";"0";"0,00%";NA;""
"20";"67. MAURICIO GONZALO PEREZ DURAN";"IGUAL.";"0";"0,00%";NA;""
"20";"68. ALEJANDRA  FLORES DE LA VEGA";"AMPLI.";"0";"0,00%";NA;""
"20";"69. MAURICIO  SALGADO ROJAS";"AMPLI.";"0";"0,00%";NA;""
"20";"70. MIGUEL ANGEL PEZO MORALES";"AMPLI.";"0";"0,00%";NA;""
"20";"71. MARIA MAGDALENA GONZALEZ REBOLLEDO";"AMPLI.";"0";"0,00%";NA;""
"20";"72. VICTORIA INES FARIŃA CONCHA";"PCCH";"0";"0,00%";NA;""
"20";"73. FERNANDO ANTINAO JELVES";"PCCH";"0";"0,00%";NA;""
"20";"74. CRISTIAN CAMPOS JARA";"PPD";"0";"0,00%";NA;""
"20";"75. FABIOLA PATRICIA LAGOS LIZAMA";"PPD";"0";"0,00%";NA;""
"20";"76. BERTA ANGELICA BELMAR RUIZ";"PPD";"0";"0,00%";NA;""
"20";"77. LILY  OŃATE MUŃOZ";"PRSD";"0";"0,00%";NA;""
"20";"78. GASTON SAAVEDRA CHANDIA";"PSCH";"0";"0,00%";NA;""
"20";"79. VANIA SALAZAR SALAZAR";"PSCH";"0";"0,00%";NA;""
"20";"80. JAIME TOHA GONZALEZ";"PSCH";"0";"0,00%";NA;""
"20";"81. JOSE MIGUEL ORTIZ NOVOA";"PDC";"0";"0,00%";NA;""
"20";"82. MARCELO OMAR CHAVEZ VELASQUEZ";"PDC";"0";"0,00%";NA;""
"20";"83. KARLA ANDREA MUŃOZ RAMIREZ";"PDC";"0";"0,00%";NA;""
"20";"84. GABRIEL ENRIQUE ALBISTUR GOMEZ";"IND-MAS";"0";"0,00%";NA;""
"20";"85. BALDRAMINA DEL CARMEN HENRIQUEZ COFRE";"MAS";"0";"0,00%";NA;""
"20";"86. PAOLA DEL CARMEN BUSTOS MATUS";"MAS";"0";"0,00%";NA;""
"20";"87. FELIPE  HERNANDEZ VIDAL";"MAS";"0";"0,00%";NA;""
"20";"88. JOSE ALEXIS LARA FLORES";"MAS";"0";"0,00%";NA;""
"20";"89. MACARENA ALEJANDRA AGUSTO RODRIGUEZ";"MAS";"0";"0,00%";NA;""
"20";"90. FRANCESCA PARODI OPPLIGER";"EVOP.";"0";"0,00%";NA;""
"20";"91. CLAUDIO EGUILUZ RODRIGUEZ";"RN";"0";"0,00%";NA;""
"20";"92. FRANCESCA MUŃOZ GONZALEZ";"RN";"0";"0,00%";NA;""
"20";"93. LEONIDAS ROMERO SAEZ";"RN";"0";"0,00%";NA;""
"20";"94. GABRIEL TORRES HERMOSILLA";"RN";"0";"0,00%";NA;""
"20";"95. ENRIQUE VAN RYSSELBERGHE HERRERA";"UDI";"0";"0,00%";NA;""
"20";"96. SERGIO BOBADILLA MUŃOZ";"UDI";"0";"0,00%";NA;""
"20";"97. CLAUDIA HURTADO ESPINOZA";"UDI";"0";"0,00%";NA;""
"20";"98. JORGE ULLOA AGUILLON";"UDI";"0";"0,00%";NA;""
"20";"99. ELIAS  RAMOS MUŃOZ";"IND";"0";"0,00%";NA;""
"21";"50. MIGUEL ANGEL PALTA SARMIENTO";"PRO";"0";"0,00%";NA;""
"21";"51. DOMINGO  MONTECINOS OSSES";"IND-PRO";"0";"0,00%";NA;""
"21";"52. ALFONSO BELMAR RODRIGUEZ";"PEV";"0";"0,00%";NA;""
"21";"53. JORGE BUSTOS MELLADO";"PEV";"0";"0,00%";NA;""
"21";"54. SANDRA OLIVA JIMENEZ";"IGUAL.";"0";"0,00%";NA;""
"21";"55. TAMARA BELEN ORTIZ CASTILLO";"IGUAL.";"0";"0,00%";NA;""
"21";"56. CARLA BOSSELIN ZUŃIGA";"IGUAL.";"0";"0,00%";NA;""
"21";"57. SANDRA VELASQUEZ PALMA";"PH";"0";"0,00%";NA;""
"21";"58. JOSE PEREZ ARRIAGADA";"PRSD";"0";"0,00%";NA;""
"21";"59. OSCAR  CABRERA ORTIZ";"PRSD";"0";"0,00%";NA;""
"21";"60. MANUEL MONSALVE BENAVIDES";"PSCH";"0";"0,00%";NA;""
"21";"61. ROBERTO POBLETE ZAPATA";"IND-PSCH";"0";"0,00%";NA;""
"21";"62. JORGE GONZALEZ CASTILLO";"PCCH";"0";"0,00%";NA;""
"21";"63. RODRIGO DAROCH YAŃEZ";"PPD";"0";"0,00%";NA;""
"21";"64. JOANNA PEREZ OLEA";"PDC";"0";"0,00%";NA;""
"21";"65. JUAN BENEDICTO MACAYA MIRANDA";"PDC";"0";"0,00%";NA;""
"21";"66. PATRICIO  PINILLA VALENCIA";"PDC";"0";"0,00%";NA;""
"21";"67. CRISTOBAL URRUTICOECHEA RIOS";"RN";"0";"0,00%";NA;""
"21";"68. MARLENE GUZMAN KRAMER";"RN";"0";"0,00%";NA;""
"21";"69. IVAN NORAMBUENA FARIAS";"UDI";"0";"0,00%";NA;""
"21";"70. MARIA CAROLINA RIOS AYCAGUER";"UDI";"0";"0,00%";NA;""
"21";"71. RENE NUŃEZ AVILA";"EVOP.";"0";"0,00%";NA;""
"21";"72. CARLA CEBALLOS SANTIBAŃEZ";"IND-EVOP.";"0";"0,00%";NA;""
"22";"50. EVARISTO RENE CURICAL ŃANCO";"IND-PH";"0";"0,00%";NA;""
"22";"51. JENNY BEATRIZ RIVERA MUŃOZ";"PH";"0";"0,00%";NA;""
"22";"52. ANDREA PARRA SAUTEREL";"PPD";"0";"0,00%";NA;""
"22";"53. GUILLERMO JARAMILLO SALAZAR";"PPD";"0";"0,00%";NA;""
"22";"54. ALEJANDRO BLAMEY ALEGRIA";"IND-PSCH";"0";"0,00%";NA;""
"22";"55. ANDREA SAAVEDRA TEIGUE";"PSCH";"0";"0,00%";NA;""
"22";"56. PAMELA SOLEDAD OVALLE QUIROZ";"PSCH";"0";"0,00%";NA;""
"22";"57. MARIO ARTIDORO VENEGAS CARDENAS";"PDC";"0";"0,00%";NA;""
"22";"58. JUAN FRANCISCO CHODIMAN TORRES";"PDC";"0";"0,00%";NA;""
"22";"59. RAYEN  INGLES HUECHE";"PDC";"0";"0,00%";NA;""
"22";"60. GREGORIO DE LA MAZA LARRAIN";"UDI";"0";"0,00%";NA;""
"22";"61. GLORIA NAVEILLAN ARRIAGADA";"UDI";"0";"0,00%";NA;""
"22";"62. DIEGO  PAULSEN KEHR";"RN";"0";"0,00%";NA;""
"22";"63. MARIA SOLEDAD CASTILLO HENRIQUEZ";"RN";"0";"0,00%";NA;""
"22";"64. JORGE  RATHGEB SCHIFFERLI";"RN";"0";"0,00%";NA;""
"23";"50. GUILLERMO ISMAEL ALLENDE GONZALEZ";"PAIS";"0";"0,00%";NA;""
"23";"51. ERNESTO JAVIER LAVANDERO PEREIRA";"IND-PAIS";"0";"0,00%";NA;""
"23";"52. PAMELA ALEJANDRA GARCES ZUŃIGA";"IND-PAIS";"0";"0,00%";NA;""
"23";"53. PAOLA ALEJANDRA SANTIBAŃEZ RIFFO";"IND-PRO";"0";"0,00%";NA;""
"23";"54. NILLS MARY CID CACERES";"PRO";"0";"0,00%";NA;""
"23";"55. FELIPE FABIAN VALDEBENITO LEIVA";"PH";"0";"0,00%";NA;""
"23";"56. JOSE  ANCALAO GAVILAN";"PH";"0";"0,00%";NA;""
"23";"57. LISSETTE  GODOY ANTIQUEO";"IND-PH";"0";"0,00%";NA;""
"23";"58. CATALINA VALESKA VALENZUELA MAUREIRA";"PH";"0";"0,00%";NA;""
"23";"59. ANA GRICELLE ABARCA ABARCA";"PH";"0";"0,00%";NA;""
"23";"60. IVAN  CERDA ZUŃIGA";"AMPLI.";"0";"0,00%";NA;""
"23";"61. EDGARDO HUGO SEPULVEDA HACHIGUR";"IND-AMPLI.";"0";"0,00%";NA;""
"23";"62. ERIKA MARIA CHAVEZ CONA";"IND-AMPLI.";"0";"0,00%";NA;""
"23";"63. CLAUDIA LORENA SUBIABRE MAYORGA";"AMPLI.";"0";"0,00%";NA;""
"23";"64. VICTOR  SEGUEL HENRIQUEZ";"AMPLI.";"0";"0,00%";NA;""
"23";"65. RICHARD CAIFAL PIUTRIN";"IND-AMPLI.";"0";"0,00%";NA;""
"23";"66. RICARDO  CELIS ARAYA";"PPD";"0";"0,00%";NA;""
"23";"67. JOSE FRANCISCO MONTALVA FEUERHAKE";"PPD";"0";"0,00%";NA;""
"23";"68. FERNANDO MEZA MONCADA";"PRSD";"0";"0,00%";NA;""
"23";"69. MARIO HERNAN GONZALEZ REBOLLEDO";"PRSD";"0";"0,00%";NA;""
"23";"70. ANDREA MERCADO BETANZO";"IND-PRSD";"0";"0,00%";NA;""
"23";"71. RODRIGO GONZALEZ LOPEZ";"PSCH";"0";"0,00%";NA;""
"23";"72. XIMENA OŃATE AVILA";"PSCH";"0";"0,00%";NA;""
"23";"73. TAMARA TORRES HUECHUCURA";"PCCH";"0";"0,00%";NA;""
"23";"74. ANDRES ALFONSO JOUANNET VALDERRAMA";"PDC";"0";"0,00%";NA;""
"23";"75. HILDA HORTA RIVERA";"PDC";"0";"0,00%";NA;""
"23";"76. LUIS CAMPOS LEAL";"PDC";"0";"0,00%";NA;""
"23";"77. ANDRES MOLINA MAGOFKE";"EVOP.";"0";"0,00%";NA;""
"23";"78. SEBASTIAN ALVAREZ RAMIREZ";"EVOP.";"0";"0,00%";NA;""
"23";"79. MARISOL ROZAS VALENZUELA";"IND-EVOP.";"0";"0,00%";NA;""
"23";"80. RENE MANUEL GARCIA GARCIA";"RN";"0";"0,00%";NA;""
"23";"81. MIGUEL  MELLADO SUAZO";"RN";"0";"0,00%";NA;""
"23";"82. LAURA  SAN CRISTOBAL VASQUEZ";"RN";"0";"0,00%";NA;""
"23";"83. HENRY LEAL BIZAMA";"UDI";"0";"0,00%";NA;""
"23";"84. KURT  HORTA CACERES";"UDI";"0";"0,00%";NA;""
"23";"85. RENE SAFFIRIO ESPINOZA";"IND";"0";"0,00%";NA;""
"23";"86. PATRICIO RIVAS GATICA";"IND";"0";"0,00%";NA;""
"24";"50. PABLO ANDRES MOYA NUŃEZ";"PRO";"0";"0,00%";NA;""
"24";"51. SILVIA BERTA GUALA CARRASCO";"PRO";"0";"0,00%";NA;""
"24";"52. LUIS GUILLERMO SCHWAIGER RIVERA";"IND-PRO";"0";"0,00%";NA;""
"24";"53. CARLA ANDREA AMTMANN FECCI";"RD";"0";"0,00%";NA;""
"24";"54. VLADIMIR ALBERTO RIESCO BAHAMONDES";"RD";"0";"0,00%";NA;""
"24";"55. MARIA ANGELICA ALVEAR MONTECINOS";"PH";"0";"0,00%";NA;""
"24";"56. BAYRON MANUEL VELASQUEZ PAREDES";"PH";"0";"0,00%";NA;""
"24";"57. VICENTE JAVIER GOMEZ SAN MARTIN";"PEV";"0";"0,00%";NA;""
"24";"58. CARI LEMU ALVAREZ TORRES";"PEV";"0";"0,00%";NA;""
"24";"59. HERNAN JOSE MANUEL URRUTIA MILLAS";"CIUD.";"0";"0,00%";NA;""
"24";"60. JAVIERA PAZ ARIAS GUTIERREZ";"CIUD.";"0";"0,00%";NA;""
"24";"61. CLAUDIA BERNARDITA CHAVEZ GONZALEZ";"CIUD.";"0";"0,00%";NA;""
"24";"62. MARCELA ALEJANDRA GARRIDO ISLA";"IND-CIUD.";"0";"0,00%";NA;""
"24";"63. FRANCISCO JAVIER NUŃEZ MARTINEZ";"CIUD.";"0";"0,00%";NA;""
"24";"64. PAULA  GUROVICH MIRET";"IND-TODOS";"0";"0,00%";NA;""
"24";"65. MARCOS  ILABACA CERDA";"PSCH";"0";"0,00%";NA;""
"24";"66. PATRICIO ROSAS BARRIENTOS";"PSCH";"0";"0,00%";NA;""
"24";"67. ABERNEGO JOB MARDONES RIQUELME";"PCCH";"0";"0,00%";NA;""
"24";"68. ENRIQUE  JARAMILLO ASTUDILLO";"PPD";"0";"0,00%";NA;""
"24";"69. CARLA MAILEN SOTO GALLARDO";"PPD";"0";"0,00%";NA;""
"24";"70. IVAN ALBERTO FLORES GARCIA";"PDC";"0";"0,00%";NA;""
"24";"71. MYRTHA CARMEN PERALTA VEGAS";"PDC";"0";"0,00%";NA;""
"24";"72. OSCAR SANDRINO LEIVA GONZALEZ";"IND-PDC";"0";"0,00%";NA;""
"24";"73. MARLYN MAGDALENA LEUPIN FERNANDEZ";"IND-PDC";"0";"0,00%";NA;""
"24";"74. JUAN CARLOS TOBAR SALA";"PDC";"0";"0,00%";NA;""
"24";"75. EDUARDO SALAS CERDA";"PRI";"0";"0,00%";NA;""
"24";"76. PATRICIA MARTINEZ TORRES";"IND-PRI";"0";"0,00%";NA;""
"24";"77. BERNARDO BERGER FETT";"RN";"0";"0,00%";NA;""
"24";"78. ALVARO VARGAS SALAS";"RN";"0";"0,00%";NA;""
"24";"79. GASTON VON MUHLENBROCK ZAMORA";"UDI";"0";"0,00%";NA;""
"24";"80. ANN HUNTER GUTIERREZ";"IND-UDI";"0";"0,00%";NA;""
"25";"50. RUTH SEEMANN BARRIA";"PRO";"0";"0,00%";NA;""
"25";"51. JOSE MANUEL SANTANA ABURTO";"IND-PRO";"0";"0,00%";NA;""
"25";"52. SONIA ELIZABETH SILVA TORRES";"IND-PRO";"0";"0,00%";NA;""
"25";"53. ALICIA NOEMI MARIN SOTOMAYOR";"PRO";"0";"0,00%";NA;""
"25";"54. PAMELA BEATRIZ LEAL GATICA";"PODER";"0";"0,00%";NA;""
"25";"55. GERMAN RODRIGO CARTES OYARZO";"IND-PODER";"0";"0,00%";NA;""
"25";"56. CATALINA ANDREA YOVANE GARCIA";"IND-PODER";"0";"0,00%";NA;""
"25";"57. MARIA IGNACIA BUONO-CORE BARROILHET";"IND-TODOS";"0";"0,00%";NA;""
"25";"58. CLAUDE  ROUTHIER CARTES";"IND-TODOS";"0";"0,00%";NA;""
"25";"59. JORGE RENE TEJEDA ROA";"IND-CIUD.";"0";"0,00%";NA;""
"25";"60. CAROLINA LETICIA DUPUY GUARDA";"IND-CIUD.";"0";"0,00%";NA;""
"25";"61. RODRIGO ANDRES MORENO ORELLANA";"CIUD.";"0";"0,00%";NA;""
"25";"62. RODRIGO ALEJANDRO TOLEDO DEL RIO";"DRP";"0";"0,00%";NA;""
"25";"63. KASSANDRA TABATTA MUŃOZ AVILA";"DRP";"0";"0,00%";NA;""
"25";"64. ANGELICA MARIA HENRIQUEZ FERNANDEZ";"IND-DRP";"0";"0,00%";NA;""
"25";"65. MARIA JOSE LEVICOI OVANDO";"IND-DRP";"0";"0,00%";NA;""
"25";"66. ALEJANDRA DANIELA ARCOS ROSAS";"IND-DRP";"0";"0,00%";NA;""
"25";"67. MARGARITA PEREZ VALDES";"PCCH";"0";"0,00%";NA;""
"25";"68. CATALINA VELASQUEZ FLORES";"PCCH";"0";"0,00%";NA;""
"25";"69. FIDEL ESPINOZA SANDOVAL";"PSCH";"0";"0,00%";NA;""
"25";"70. EMILIA IRIS NUYADO ANCAPICHUN";"PSCH";"0";"0,00%";NA;""
"25";"71. GUSTAVO SALVO PEREIRA";"IND-PPD";"0";"0,00%";NA;""
"25";"72. SERGIO RODRIGO OJEDA URIBE";"PDC";"0";"0,00%";NA;""
"25";"73. KARLA BENAVIDES HENRIQUEZ";"PDC";"0";"0,00%";NA;""
"25";"74. MARIANELA HUENCHOR HUENCHOR";"PDC";"0";"0,00%";NA;""
"25";"75. MIGUEL ARREDONDO ORELLANA";"PDC";"0";"0,00%";NA;""
"25";"76. JAVIER HERNANDEZ HERNANDEZ";"UDI";"0";"0,00%";NA;""
"25";"77. SORAYA SAID TEUBER";"IND-UDI";"0";"0,00%";NA;""
"25";"78. AMANDA MILOSEVICH PEPPER";"EVOP.";"0";"0,00%";NA;""
"25";"79. HARRY JURGENSEN RUNDSHAGEN";"RN";"0";"0,00%";NA;""
"25";"80. ANDREA ROSMANICH ROJAS";"RN";"0";"0,00%";NA;""
"25";"81. LUIS  ABARCA AZOCAR";"IND";"0";"0,00%";NA;""
"26";"50. RAUL OLIVA CAMADRO";"PRO";"0";"0,00%";NA;""
"26";"51. GONZALO VALENZUELA OYARZO";"PRO";"0";"0,00%";NA;""
"26";"52. MARIA GLADIS OYARZO ZUŃIGA";"PRO";"0";"0,00%";NA;""
"26";"53. PAULA MILLACURA TORRES";"PRO";"0";"0,00%";NA;""
"26";"54. OSCAR PATRICIO MACIAS MACIAS";"PRO";"0";"0,00%";NA;""
"26";"55. FRANCISCO BUCAT OVIEDO";"IND-PRO";"0";"0,00%";NA;""
"26";"56. ALEJANDRO JAVIER BERNALES MALDONADO";"LIBER.";"0";"0,00%";NA;""
"26";"57. IVONNE LECAROS SANDOVAL";"IND-LIBER.";"0";"0,00%";NA;""
"26";"58. RICARDO CACERES OLAVE";"PODER";"0";"0,00%";NA;""
"26";"59. SUSAN ANGELICA PONCE JARA";"PODER";"0";"0,00%";NA;""
"26";"60. SANDRA PAOLA VEGA OYARZO";"PEV";"0";"0,00%";NA;""
"26";"61. EDUARDO ANTONIO OCAMPO CASTILLO";"IND-PEV";"0";"0,00%";NA;""
"26";"62. ALEXIS MARCELO BARRIA MALDONADO";"CIUD.";"0";"0,00%";NA;""
"26";"63. CAROLINA ALEJANDRA PINO COLLADO";"CIUD.";"0";"0,00%";NA;""
"26";"64. MARIA ORIANA PEREZ BAEZ";"CIUD.";"0";"0,00%";NA;""
"26";"65. LUIS FELIPE VERGARA MALDONADO";"CIUD.";"0";"0,00%";NA;""
"26";"66. NELSON GUZMAN CACERES";"TODOS";"0";"0,00%";NA;""
"26";"67. MARVA  VARGAS ALVARADO";"IND-TODOS";"0";"0,00%";NA;""
"26";"68. JOSE ROBERTO ABURTO BARRIA";"DRP";"0";"0,00%";NA;""
"26";"69. ZANDRA ESTHER PARISI FERNANDEZ";"DRP";"0";"0,00%";NA;""
"26";"70. MARIA PATRICIA PASCUALES GUTIERREZ";"DRP";"0";"0,00%";NA;""
"26";"71. HECTOR LEONARDO AGUILERA MAYORGA";"DRP";"0";"0,00%";NA;""
"26";"72. ERIKA ANDREA GUAIQUIN GUAIQUIN";"IND-DRP";"0";"0,00%";NA;""
"26";"73. ANA MARIA CALISTO RAMIREZ";"IND-DRP";"0";"0,00%";NA;""
"26";"74. CLAUDIO OYARZUN CARCAMO";"PPD";"0";"0,00%";NA;""
"26";"75. GLORIA PATRICIA GONZALEZ SAEZ";"PPD";"0";"0,00%";NA;""
"26";"76. JENNY  ALVAREZ VERA";"PSCH";"0";"0,00%";NA;""
"26";"77. RAMON  ESPINOZA SANDOVAL";"PSCH";"0";"0,00%";NA;""
"26";"78. CARLOS EDUARDO CONTRERAS OYARZUN";"PRSD";"0";"0,00%";NA;""
"26";"79. CLAUDIO MARTINEZ LABRA";"PDC";"0";"0,00%";NA;""
"26";"80. GABRIEL HECTOR ASCENCIO MANSILLA";"PDC";"0";"0,00%";NA;""
"26";"81. ALEJANDRO SANTANA TIRACHINI";"RN";"0";"0,00%";NA;""
"26";"82. CARLOS IGNACIO KUSCHEL SILVA";"RN";"0";"0,00%";NA;""
"26";"83. JOSE  SEGURA DIAZ";"RN";"0";"0,00%";NA;""
"26";"84. MARISOL TURRES FIGUEROA";"UDI";"0";"0,00%";NA;""
"26";"85. FRANCISCO  MUŃOZ LE-BRETON";"UDI";"0";"0,00%";NA;""
"26";"86. ORIETA  GONZALEZ MATURANA";"UDI";"0";"0,00%";NA;""
"27";"50. EDUARDO  ROMO LAFOY";"IND-TODOS";"0";"0,00%";NA;""
"27";"51. SARA  MARTINEZ MONDELO";"IND-TODOS";"0";"0,00%";NA;""
"27";"52. VICTOR MANUEL BORQUEZ FINCKE";"CIUD.";"0";"0,00%";NA;""
"27";"53. MARISOL LUSDEMIA PINILLA VEJAR";"CIUD.";"0";"0,00%";NA;""
"27";"54. ELSON BORQUEZ YAŃEZ";"DRP";"0";"0,00%";NA;""
"27";"55. PEDRO ANTONIO VERGARA ROJAS";"DRP";"0";"0,00%";NA;""
"27";"56. JESSICA ANDREA TORRES BORQUEZ";"IND-DRP";"0";"0,00%";NA;""
"27";"57. TAMARA ANDREA ESPINOZA GUTIERREZ";"DRP";"0";"0,00%";NA;""
"27";"58. JORGE CALDERON NUŃEZ";"PRSD";"0";"0,00%";NA;""
"27";"59. MARISOL MARTINEZ SANCHEZ";"PSCH";"0";"0,00%";NA;""
"27";"60. ROXANA PEY TUMANOFF";"IND-PCCH";"0";"0,00%";NA;""
"27";"61. RENE OSVALDO ALINCO BUSTOS";"IND-PPD";"0";"0,00%";NA;""
"27";"62. MIGUEL ANGEL CALISTO AGUILA";"PDC";"0";"0,00%";NA;""
"27";"63. CARMEN GLORIA MARTINEZ CARDENAS";"PDC";"0";"0,00%";NA;""
"27";"64. RENE ANSELMO LEGUE CARDENAS";"PDC";"0";"0,00%";NA;""
"27";"65. NESTOR  MERA MUŃOZ";"UDI";"0";"0,00%";NA;""
"27";"66. PATRICIO  HENRIQUEZ BARRIENTOS";"PRI";"0";"0,00%";NA;""
"27";"67. GEOCONDA  NAVARRETE ARRATIA";"EVOP.";"0";"0,00%";NA;""
"27";"68. ARACELY  LEUQUEN URIBE";"RN";"0";"0,00%";NA;""
"27";"69. CECILIO AGUILAR GALINDO";"IND";"0";"0,00%";NA;""
"28";"50. GABRIEL BORIC FONT";"IND-PH";"0";"0,00%";NA;""
"28";"51. CAROLINA SALDIVIA SALAZAR";"IND-PH";"0";"0,00%";NA;""
"28";"52. JUAN MANUEL MANCILLA CARDENAS";"IND-PH";"0";"0,00%";NA;""
"28";"53. DENISSE GUERRA MARTINEZ";"IND-PH";"0";"0,00%";NA;""
"28";"54. MARIO ENRIQUE  ESQUIVEL LIZONDO";"IND-DRP";"0";"0,00%";NA;""
"28";"55. MARLA GLADYS VARGAS OJEDA";"IND-DRP";"0";"0,00%";NA;""
"28";"56. JORGE EMILIO PAREDES LEIVA";"IND-DRP";"0";"0,00%";NA;""
"28";"57. VLADIMIRO MIMICA CARCAMO";"IND-PSCH";"0";"0,00%";NA;""
"28";"58. DOMINGO ANTONIO RUBILAR RUIZ";"PPD";"0";"0,00%";NA;""
"28";"59. FRANCISCO ENRIQUE ALARCON NAVARRO";"PCCH";"0";"0,00%";NA;""
"28";"60. KARIM ANTONIO BIANCHI RETAMALES";"IND-PRSD";"0";"0,00%";NA;""
"28";"61. JUAN ENRIQUE MORANO CORNEJO";"PDC";"0";"0,00%";NA;""
"28";"62. CARLOS  MANDRIAZA MUŃOZ";"PDC";"0";"0,00%";NA;""
"28";"63. EUGENIA  MANCILLA MACIAS";"PDC";"0";"0,00%";NA;""
"28";"64. JUAN JOSE ARCOS SRDANOVIC";"PRI";"0";"0,00%";NA;""
"28";"65. HELGA  NEUMANN CALISTO";"EVOP.";"0";"0,00%";NA;""
"28";"66. NICOLAS COGLER GALINDO";"RN";"0";"0,00%";NA;""
"28";"67. SANDRA  AMAR MANCILLA";"IND-UDI";"0";"0,00%";NA;""
